SAPR4;ELET6;VIVT3;MGLU3;;;;;;;;;;;;;;;;
 3,51 ; 26,13 ; 32,19 ; 0,39 ;;;;;;;;;;;;;;;;
 3,53 ; 26,00 ; 32,77 ; 0,39 ;;;;;;;;;;;;;;;;
 3,51 ; 25,79 ; 32,68 ; 0,37 ;;;;;;;;;;;;;;;;
 3,67 ; 25,83 ; 31,48 ; 0,38 ;;;;;;;;;;;;;;;;
 3,73 ; 25,76 ; 32,23 ; 0,38 ;;;;;;;;;;;;;;;;
 3,82 ; 25,25 ; 32,00 ; 0,36 ;;;;;;;;;;;;;;;;
 3,91 ; 24,99 ; 32,63 ; 0,37 ;;;;;;;;;;;;;;;;
 4,01 ; 24,69 ; 32,54 ; 0,38 ;;;;;;;;;;;;;;;;
 4,15 ; 26,08 ; 33,63 ; 0,40 ;;;;;;;;;;;;;;;;
 4,07 ; 26,40 ; 32,95 ; 0,41 ;;;;;;;;;;;;;;;;
 4,18 ; 26,04 ; 32,62 ; 0,40 ;;;;;;;;;;;;;;;;
 4,32 ; 26,59 ; 33,40 ; 0,41 ;;;;;;;;;;;;;;;;
 4,10 ; 25,47 ; 32,87 ; 0,41 ;;;;;;;;;;;;;;;;
 4,22 ; 24,96 ; 33,40 ; 0,41 ;;;;;;;;;;;;;;;;
 4,38 ; 25,63 ; 33,28 ; 0,46 ;;;;;;;;;;;;;;;;
 4,40 ; 26,71 ; 34,03 ; 0,48 ;;;;;;;;;;;;;;;;
 4,38 ; 26,23 ; 33,81 ; 0,50 ;;;;;;;;;;;;;;;;
 4,57 ; 26,30 ; 33,47 ; 0,49 ;;;;;;;;;;;;;;;;
 4,51 ; 26,17 ; 34,11 ; 0,48 ;;;;;;;;;;;;;;;;
 4,55 ; 25,10 ; 33,96 ; 0,45 ;;;;;;;;;;;;;;;;
 4,70 ; 24,71 ; 34,76 ; 0,49 ;;;;;;;;;;;;;;;;
 4,62 ; 25,01 ; 34,31 ; 0,49 ;;;;;;;;;;;;;;;;
 4,55 ; 25,55 ; 34,45 ; 0,49 ;;;;;;;;;;;;;;;;
 4,49 ; 26,11 ; 34,63 ; 0,49 ;;;;;;;;;;;;;;;;
 4,40 ; 26,24 ; 34,18 ; 0,54 ;;;;;;;;;;;;;;;;
 4,42 ; 26,62 ; 34,21 ; 0,54 ;;;;;;;;;;;;;;;;
 4,49 ; 26,64 ; 34,53 ; 0,53 ;;;;;;;;;;;;;;;;
 4,66 ; 25,70 ; 34,60 ; 0,53 ;;;;;;;;;;;;;;;;
 4,85 ; 26,70 ; 34,81 ; 0,53 ;;;;;;;;;;;;;;;;
 4,80 ; 26,75 ; 35,77 ; 0,59 ;;;;;;;;;;;;;;;;
 4,81 ; 25,75 ; 35,49 ; 0,58 ;;;;;;;;;;;;;;;;
 4,98 ; 25,71 ; 34,86 ; 0,59 ;;;;;;;;;;;;;;;;
 4,97 ; 25,32 ; 34,91 ; 0,60 ;;;;;;;;;;;;;;;;
 4,95 ; 25,16 ; 34,63 ; 0,63 ;;;;;;;;;;;;;;;;
 4,87 ; 25,18 ; 34,73 ; 0,68 ;;;;;;;;;;;;;;;;
 4,82 ; 24,77 ; 34,72 ; 0,74 ;;;;;;;;;;;;;;;;
 4,70 ; 24,26 ; 34,62 ; 0,75 ;;;;;;;;;;;;;;;;
 4,66 ; 24,56 ; 34,31 ; 0,79 ;;;;;;;;;;;;;;;;
 4,80 ; 24,60 ; 34,09 ; 0,80 ;;;;;;;;;;;;;;;;
 4,88 ; 24,34 ; 33,68 ; 0,83 ;;;;;;;;;;;;;;;;
 4,93 ; 23,60 ; 33,22 ; 0,76 ;;;;;;;;;;;;;;;;
 4,83 ; 24,30 ; 33,79 ; 0,75 ;;;;;;;;;;;;;;;;
 4,82 ; 25,21 ; 34,22 ; 0,75 ;;;;;;;;;;;;;;;;
 4,82 ; 24,51 ; 33,99 ; 0,71 ;;;;;;;;;;;;;;;;
 4,52 ; 24,02 ; 33,90 ; 0,68 ;;;;;;;;;;;;;;;;
 3,72 ; 24,07 ; 34,50 ; 0,71 ;;;;;;;;;;;;;;;;
 3,80 ; 23,61 ; 34,03 ; 0,66 ;;;;;;;;;;;;;;;;
 4,00 ; 23,35 ; 34,11 ; 0,66 ;;;;;;;;;;;;;;;;
 3,98 ; 22,68 ; 34,06 ; 0,67 ;;;;;;;;;;;;;;;;
 3,90 ; 23,19 ; 34,13 ; 0,68 ;;;;;;;;;;;;;;;;
 3,92 ; 22,68 ; 35,14 ; 0,76 ;;;;;;;;;;;;;;;;
 3,73 ; 22,45 ; 34,57 ; 0,71 ;;;;;;;;;;;;;;;;
 3,45 ; 22,73 ; 34,98 ; 0,75 ;;;;;;;;;;;;;;;;
 3,56 ; 22,28 ; 34,98 ; 0,71 ;;;;;;;;;;;;;;;;
 3,63 ; 22,84 ; 34,11 ; 0,70 ;;;;;;;;;;;;;;;;
 3,73 ; 22,56 ; 34,51 ; 0,73 ;;;;;;;;;;;;;;;;
 3,72 ; 22,99 ; 35,04 ; 0,70 ;;;;;;;;;;;;;;;;
 3,69 ; 21,95 ; 34,64 ; 0,70 ;;;;;;;;;;;;;;;;
 3,64 ; 21,70 ; 34,19 ; 0,68 ;;;;;;;;;;;;;;;;
 3,55 ; 21,56 ; 34,63 ; 0,70 ;;;;;;;;;;;;;;;;
 3,50 ; 21,60 ; 35,12 ; 0,70 ;;;;;;;;;;;;;;;;
 3,67 ; 22,07 ; 32,40 ; 0,68 ;;;;;;;;;;;;;;;;
 3,73 ; 21,85 ; 33,85 ; 0,71 ;;;;;;;;;;;;;;;;
 3,72 ; 21,55 ; 33,31 ; 0,71 ;;;;;;;;;;;;;;;;
 3,67 ; 21,15 ; 33,42 ; 0,72 ;;;;;;;;;;;;;;;;
 3,57 ; 20,65 ; 33,68 ; 0,72 ;;;;;;;;;;;;;;;;
 3,62 ; 20,32 ; 33,22 ; 0,72 ;;;;;;;;;;;;;;;;
 3,69 ; 19,75 ; 33,02 ; 0,71 ;;;;;;;;;;;;;;;;
 3,83 ; 20,37 ; 33,50 ; 0,72 ;;;;;;;;;;;;;;;;
 3,60 ; 20,14 ; 33,47 ; 0,69 ;;;;;;;;;;;;;;;;
 3,63 ; 19,62 ; 32,92 ; 0,66 ;;;;;;;;;;;;;;;;
 3,62 ; 19,90 ; 32,95 ; 0,73 ;;;;;;;;;;;;;;;;
 3,57 ; 19,78 ; 33,17 ; 0,76 ;;;;;;;;;;;;;;;;
 3,60 ; 19,60 ; 33,49 ; 0,79 ;;;;;;;;;;;;;;;;
 3,46 ; 20,32 ; 33,82 ; 0,83 ;;;;;;;;;;;;;;;;
 3,51 ; 20,70 ; 33,68 ; 0,81 ;;;;;;;;;;;;;;;;
 3,44 ; 22,06 ; 34,98 ; 0,81 ;;;;;;;;;;;;;;;;
 3,43 ; 22,19 ; 34,84 ; 0,82 ;;;;;;;;;;;;;;;;
 3,41 ; 22,20 ; 34,92 ; 0,86 ;;;;;;;;;;;;;;;;
 3,43 ; 22,90 ; 34,94 ; 0,86 ;;;;;;;;;;;;;;;;
 3,47 ; 21,33 ; 35,77 ; 0,89 ;;;;;;;;;;;;;;;;
 3,47 ; 21,00 ; 35,56 ; 0,89 ;;;;;;;;;;;;;;;;
 3,42 ; 20,18 ; 34,00 ; 0,88 ;;;;;;;;;;;;;;;;
 3,43 ; 19,94 ; 35,38 ; 1,00 ;;;;;;;;;;;;;;;;
 3,47 ; 19,05 ; 35,42 ; 1,02 ;;;;;;;;;;;;;;;;
 3,52 ; 19,32 ; 34,84 ; 1,05 ;;;;;;;;;;;;;;;;
 3,58 ; 19,67 ; 35,77 ; 1,08 ;;;;;;;;;;;;;;;;
 3,62 ; 20,92 ; 35,65 ; 1,02 ;;;;;;;;;;;;;;;;
 3,59 ; 21,24 ; 36,54 ; 1,03 ;;;;;;;;;;;;;;;;
 3,59 ; 21,21 ; 36,29 ; 1,06 ;;;;;;;;;;;;;;;;
 3,60 ; 20,36 ; 36,09 ; 1,09 ;;;;;;;;;;;;;;;;
 3,67 ; 19,75 ; 34,98 ; 1,09 ;;;;;;;;;;;;;;;;
 3,28 ; 16,40 ; 33,97 ; 0,91 ;;;;;;;;;;;;;;;;
 3,43 ; 16,30 ; 35,88 ; 0,96 ;;;;;;;;;;;;;;;;
 3,33 ; 15,75 ; 34,99 ; 0,86 ;;;;;;;;;;;;;;;;
 3,33 ; 16,35 ; 34,55 ; 0,94 ;;;;;;;;;;;;;;;;
 3,41 ; 17,63 ; 34,84 ; 0,97 ;;;;;;;;;;;;;;;;
 3,39 ; 17,06 ; 34,84 ; 0,96 ;;;;;;;;;;;;;;;;
 3,38 ; 17,57 ; 34,84 ; 0,99 ;;;;;;;;;;;;;;;;
 3,37 ; 17,72 ; 34,82 ; 1,00 ;;;;;;;;;;;;;;;;
 3,43 ; 17,34 ; 35,44 ; 1,01 ;;;;;;;;;;;;;;;;
 3,48 ; 17,26 ; 35,65 ; 0,97 ;;;;;;;;;;;;;;;;
 3,45 ; 16,47 ; 35,40 ; 0,96 ;;;;;;;;;;;;;;;;
 3,42 ; 16,60 ; 35,40 ; 0,94 ;;;;;;;;;;;;;;;;
 3,41 ; 16,90 ; 34,81 ; 0,92 ;;;;;;;;;;;;;;;;
 3,47 ; 17,79 ; 34,46 ; 0,92 ;;;;;;;;;;;;;;;;
 3,47 ; 17,26 ; 34,60 ; 0,97 ;;;;;;;;;;;;;;;;
 3,47 ; 16,80 ; 34,34 ; 1,00 ;;;;;;;;;;;;;;;;
 3,51 ; 16,52 ; 33,62 ; 0,98 ;;;;;;;;;;;;;;;;
 3,54 ; 16,52 ; 33,52 ; 0,96 ;;;;;;;;;;;;;;;;
 3,56 ; 16,70 ; 33,99 ; 0,99 ;;;;;;;;;;;;;;;;
 3,61 ; 16,60 ; 34,37 ; 1,00 ;;;;;;;;;;;;;;;;
 3,68 ; 16,85 ; 34,60 ; 1,00 ;;;;;;;;;;;;;;;;
 3,68 ; 16,59 ; 34,00 ; 1,00 ;;;;;;;;;;;;;;;;
 3,58 ; 15,89 ; 33,85 ; 0,95 ;;;;;;;;;;;;;;;;
 3,55 ; 15,79 ; 33,59 ; 0,95 ;;;;;;;;;;;;;;;;
 3,58 ; 16,50 ; 33,92 ; 0,93 ;;;;;;;;;;;;;;;;
 3,58 ; 15,94 ; 33,81 ; 0,95 ;;;;;;;;;;;;;;;;
 3,62 ; 16,46 ; 34,46 ; 0,97 ;;;;;;;;;;;;;;;;
 3,58 ; 16,19 ; 34,11 ; 0,95 ;;;;;;;;;;;;;;;;
 3,56 ; 17,00 ; 34,09 ; 0,93 ;;;;;;;;;;;;;;;;
 3,55 ; 16,20 ; 34,27 ; 0,96 ;;;;;;;;;;;;;;;;
 3,63 ; 16,41 ; 34,29 ; 0,99 ;;;;;;;;;;;;;;;;
 3,60 ; 16,45 ; 34,04 ; 1,01 ;;;;;;;;;;;;;;;;
 3,57 ; 16,25 ; 34,04 ; 1,01 ;;;;;;;;;;;;;;;;
 3,62 ; 17,32 ; 34,60 ; 1,01 ;;;;;;;;;;;;;;;;
 3,61 ; 19,13 ; 33,49 ; 1,00 ;;;;;;;;;;;;;;;;
 3,41 ; 18,88 ; 33,03 ; 1,11 ;;;;;;;;;;;;;;;;
 3,49 ; 18,11 ; 32,92 ; 1,15 ;;;;;;;;;;;;;;;;
 3,47 ; 17,68 ; 33,47 ; 1,18 ;;;;;;;;;;;;;;;;
 3,52 ; 18,35 ; 34,41 ; 1,22 ;;;;;;;;;;;;;;;;
 3,54 ; 18,60 ; 34,28 ; 1,17 ;;;;;;;;;;;;;;;;
 3,53 ; 17,65 ; 34,31 ; 1,22 ;;;;;;;;;;;;;;;;
 3,54 ; 17,23 ; 34,59 ; 1,28 ;;;;;;;;;;;;;;;;
 3,55 ; 17,50 ; 35,08 ; 1,33 ;;;;;;;;;;;;;;;;
 3,55 ; 16,94 ; 34,30 ; 1,34 ;;;;;;;;;;;;;;;;
 3,55 ; 16,99 ; 34,97 ; 1,35 ;;;;;;;;;;;;;;;;
 3,56 ; 17,01 ; 35,17 ; 1,30 ;;;;;;;;;;;;;;;;
 3,53 ; 16,92 ; 35,45 ; 1,30 ;;;;;;;;;;;;;;;;
 3,55 ; 17,32 ; 35,18 ; 1,34 ;;;;;;;;;;;;;;;;
 3,51 ; 16,79 ; 35,41 ; 1,33 ;;;;;;;;;;;;;;;;
 3,52 ; 16,43 ; 36,19 ; 1,35 ;;;;;;;;;;;;;;;;
 3,52 ; 16,89 ; 35,92 ; 1,42 ;;;;;;;;;;;;;;;;
 3,53 ; 16,67 ; 35,74 ; 1,42 ;;;;;;;;;;;;;;;;
 3,58 ; 16,79 ; 35,04 ; 1,43 ;;;;;;;;;;;;;;;;
 3,64 ; 16,50 ; 35,46 ; 1,44 ;;;;;;;;;;;;;;;;
 3,71 ; 17,20 ; 35,50 ; 1,44 ;;;;;;;;;;;;;;;;
 3,76 ; 17,79 ; 35,74 ; 1,52 ;;;;;;;;;;;;;;;;
 3,82 ; 18,02 ; 36,13 ; 1,55 ;;;;;;;;;;;;;;;;
 3,81 ; 17,98 ; 35,91 ; 1,53 ;;;;;;;;;;;;;;;;
 3,58 ; 17,82 ; 36,01 ; 1,57 ;;;;;;;;;;;;;;;;
 3,57 ; 17,30 ; 35,87 ; 1,54 ;;;;;;;;;;;;;;;;
 3,57 ; 17,72 ; 35,98 ; 1,60 ;;;;;;;;;;;;;;;;
 3,54 ; 17,70 ; 36,07 ; 1,73 ;;;;;;;;;;;;;;;;
 3,50 ; 17,75 ; 36,10 ; 1,76 ;;;;;;;;;;;;;;;;
 3,47 ; 17,89 ; 36,40 ; 1,90 ;;;;;;;;;;;;;;;;
 3,41 ; 17,37 ; 36,06 ; 1,75 ;;;;;;;;;;;;;;;;
 3,45 ; 17,37 ; 35,74 ; 1,77 ;;;;;;;;;;;;;;;;
 3,44 ; 17,83 ; 36,24 ; 1,83 ;;;;;;;;;;;;;;;;
 3,47 ; 23,55 ; 36,21 ; 1,81 ;;;;;;;;;;;;;;;;
 3,47 ; 21,40 ; 36,68 ; 1,79 ;;;;;;;;;;;;;;;;
 3,47 ; 21,67 ; 37,54 ; 1,85 ;;;;;;;;;;;;;;;;
 3,45 ; 21,89 ; 37,80 ; 1,85 ;;;;;;;;;;;;;;;;
 3,45 ; 21,97 ; 38,00 ; 1,91 ;;;;;;;;;;;;;;;;
 3,44 ; 21,72 ; 38,67 ; 1,92 ;;;;;;;;;;;;;;;;
 3,47 ; 21,82 ; 39,10 ; 1,99 ;;;;;;;;;;;;;;;;
 3,48 ; 20,53 ; 38,91 ; 2,20 ;;;;;;;;;;;;;;;;
 3,51 ; 20,70 ; 38,20 ; 2,18 ;;;;;;;;;;;;;;;;
 3,53 ; 20,95 ; 37,56 ; 2,41 ;;;;;;;;;;;;;;;;
 3,52 ; 21,50 ; 38,12 ; 2,54 ;;;;;;;;;;;;;;;;
 3,55 ; 22,00 ; 38,93 ; 2,65 ;;;;;;;;;;;;;;;;
 3,55 ; 22,96 ; 38,76 ; 2,44 ;;;;;;;;;;;;;;;;
 3,58 ; 24,33 ; 39,04 ; 2,43 ;;;;;;;;;;;;;;;;
 3,60 ; 24,69 ; 38,93 ; 2,14 ;;;;;;;;;;;;;;;;
 3,60 ; 24,16 ; 40,89 ; 2,24 ;;;;;;;;;;;;;;;;
 3,60 ; 24,54 ; 41,50 ; 2,54 ;;;;;;;;;;;;;;;;
 3,65 ; 24,63 ; 41,59 ; 2,58 ;;;;;;;;;;;;;;;;
 3,73 ; 24,80 ; 41,52 ; 2,52 ;;;;;;;;;;;;;;;;
 3,69 ; 25,21 ; 41,27 ; 2,44 ;;;;;;;;;;;;;;;;
 3,70 ; 25,64 ; 41,18 ; 2,34 ;;;;;;;;;;;;;;;;
 3,63 ; 24,71 ; 41,55 ; 2,36 ;;;;;;;;;;;;;;;;
 3,60 ; 24,58 ; 41,32 ; 2,33 ;;;;;;;;;;;;;;;;
 3,55 ; 24,14 ; 41,31 ; 2,22 ;;;;;;;;;;;;;;;;
 3,53 ; 24,14 ; 41,55 ; 2,29 ;;;;;;;;;;;;;;;;
 3,49 ; 23,05 ; 40,08 ; 2,12 ;;;;;;;;;;;;;;;;
 3,53 ; 22,65 ; 40,66 ; 2,19 ;;;;;;;;;;;;;;;;
 3,61 ; 22,69 ; 40,77 ; 2,30 ;;;;;;;;;;;;;;;;
 3,63 ; 23,67 ; 41,22 ; 2,41 ;;;;;;;;;;;;;;;;
 3,63 ; 25,35 ; 42,05 ; 2,45 ;;;;;;;;;;;;;;;;
 3,58 ; 25,30 ; 41,76 ; 2,46 ;;;;;;;;;;;;;;;;
 3,52 ; 25,08 ; 41,54 ; 2,43 ;;;;;;;;;;;;;;;;
 3,46 ; 24,15 ; 43,47 ; 2,47 ;;;;;;;;;;;;;;;;
 3,46 ; 24,13 ; 42,14 ; 2,41 ;;;;;;;;;;;;;;;;
 3,45 ; 24,75 ; 41,67 ; 2,47 ;;;;;;;;;;;;;;;;
 3,40 ; 24,26 ; 42,42 ; 2,39 ;;;;;;;;;;;;;;;;
 3,41 ; 24,36 ; 41,76 ; 2,25 ;;;;;;;;;;;;;;;;
 3,38 ; 24,15 ; 41,71 ; 2,15 ;;;;;;;;;;;;;;;;
 3,39 ; 24,02 ; 41,35 ; 1,98 ;;;;;;;;;;;;;;;;
 3,39 ; 24,39 ; 41,76 ; 2,19 ;;;;;;;;;;;;;;;;
 3,37 ; 24,12 ; 41,01 ; 2,17 ;;;;;;;;;;;;;;;;
 3,45 ; 25,55 ; 40,70 ; 2,24 ;;;;;;;;;;;;;;;;
 3,46 ; 26,45 ; 40,74 ; 2,14 ;;;;;;;;;;;;;;;;
 3,51 ; 26,46 ; 40,94 ; 2,13 ;;;;;;;;;;;;;;;;
 3,51 ; 27,20 ; 40,01 ; 2,13 ;;;;;;;;;;;;;;;;
 3,47 ; 27,35 ; 41,76 ; 2,03 ;;;;;;;;;;;;;;;;
 3,58 ; 27,30 ; 41,99 ; 1,98 ;;;;;;;;;;;;;;;;
 3,63 ; 26,29 ; 41,56 ; 1,96 ;;;;;;;;;;;;;;;;
 3,62 ; 25,34 ; 41,12 ; 1,97 ;;;;;;;;;;;;;;;;
 3,57 ; 23,80 ; 40,53 ; 2,08 ;;;;;;;;;;;;;;;;
 3,58 ; 22,77 ; 40,29 ; 1,91 ;;;;;;;;;;;;;;;;
 3,57 ; 24,00 ; 39,54 ; 1,77 ;;;;;;;;;;;;;;;;
 3,52 ; 24,31 ; 39,39 ; 1,60 ;;;;;;;;;;;;;;;;
 3,52 ; 24,83 ; 39,81 ; 1,71 ;;;;;;;;;;;;;;;;
 3,50 ; 23,50 ; 39,86 ; 1,60 ;;;;;;;;;;;;;;;;
 3,61 ; 22,70 ; 39,03 ; 1,52 ;;;;;;;;;;;;;;;;
 3,62 ; 23,17 ; 38,83 ; 1,58 ;;;;;;;;;;;;;;;;
 3,52 ; 22,20 ; 38,72 ; 1,70 ;;;;;;;;;;;;;;;;
 3,64 ; 22,65 ; 39,11 ; 1,77 ;;;;;;;;;;;;;;;;
 3,80 ; 22,76 ; 39,30 ; 1,84 ;;;;;;;;;;;;;;;;
 3,91 ; 22,97 ; 39,08 ; 1,88 ;;;;;;;;;;;;;;;;
 3,96 ; 23,74 ; 38,02 ; 1,87 ;;;;;;;;;;;;;;;;
 4,03 ; 24,23 ; 38,30 ; 1,82 ;;;;;;;;;;;;;;;;
 4,00 ; 23,90 ; 38,31 ; 1,90 ;;;;;;;;;;;;;;;;
 3,94 ; 23,55 ; 37,65 ; 1,85 ;;;;;;;;;;;;;;;;
 3,83 ; 23,10 ; 38,03 ; 1,82 ;;;;;;;;;;;;;;;;
 3,67 ; 22,66 ; 37,46 ; 1,80 ;;;;;;;;;;;;;;;;
 3,54 ; 21,36 ; 36,96 ; 1,76 ;;;;;;;;;;;;;;;;
 3,39 ; 21,41 ; 37,89 ; 1,80 ;;;;;;;;;;;;;;;;
 3,43 ; 22,14 ; 37,50 ; 1,79 ;;;;;;;;;;;;;;;;
 3,39 ; 21,68 ; 37,41 ; 1,78 ;;;;;;;;;;;;;;;;
 3,42 ; 22,15 ; 38,75 ; 1,81 ;;;;;;;;;;;;;;;;
 3,43 ; 21,69 ; 39,05 ; 2,00 ;;;;;;;;;;;;;;;;
 3,50 ; 21,47 ; 39,07 ; 2,17 ;;;;;;;;;;;;;;;;
 3,57 ; 21,00 ; 38,38 ; 2,16 ;;;;;;;;;;;;;;;;
 3,60 ; 21,27 ; 38,40 ; 2,16 ;;;;;;;;;;;;;;;;
 3,52 ; 20,70 ; 39,39 ; 2,13 ;;;;;;;;;;;;;;;;
 3,52 ; 20,12 ; 38,96 ; 2,14 ;;;;;;;;;;;;;;;;
 3,73 ; 20,31 ; 39,36 ; 2,15 ;;;;;;;;;;;;;;;;
 3,63 ; 20,44 ; 39,12 ; 2,13 ;;;;;;;;;;;;;;;;
 3,55 ; 20,00 ; 39,45 ; 2,07 ;;;;;;;;;;;;;;;;
 3,64 ; 19,82 ; 39,64 ; 2,17 ;;;;;;;;;;;;;;;;
 3,66 ; 20,95 ; 39,34 ; 2,25 ;;;;;;;;;;;;;;;;
 3,70 ; 22,29 ; 39,85 ; 2,27 ;;;;;;;;;;;;;;;;
 3,76 ; 21,87 ; 40,44 ; 2,35 ;;;;;;;;;;;;;;;;
 3,84 ; 21,70 ; 39,70 ; 2,41 ;;;;;;;;;;;;;;;;
 3,90 ; 22,70 ; 39,88 ; 2,50 ;;;;;;;;;;;;;;;;
 3,77 ; 21,84 ; 40,07 ; 2,47 ;;;;;;;;;;;;;;;;
 3,75 ; 21,49 ; 38,91 ; 2,44 ;;;;;;;;;;;;;;;;
 3,70 ; 21,80 ; 39,34 ; 2,50 ;;;;;;;;;;;;;;;;
 3,77 ; 21,25 ; 39,43 ; 2,45 ;;;;;;;;;;;;;;;;
 3,77 ; 21,30 ; 39,85 ; 2,45 ;;;;;;;;;;;;;;;;
 3,73 ; 20,40 ; 39,74 ; 2,39 ;;;;;;;;;;;;;;;;
 3,67 ; 19,56 ; 39,24 ; 2,42 ;;;;;;;;;;;;;;;;
 3,77 ; 20,05 ; 40,82 ; 2,42 ;;;;;;;;;;;;;;;;
 3,68 ; 19,77 ; 40,45 ; 2,42 ;;;;;;;;;;;;;;;;
 3,71 ; 20,11 ; 40,17 ; 2,46 ;;;;;;;;;;;;;;;;
 3,62 ; 20,30 ; 40,80 ; 2,45 ;;;;;;;;;;;;;;;;
 3,60 ; 20,58 ; 41,06 ; 2,46 ;;;;;;;;;;;;;;;;
 3,54 ; 20,11 ; 41,06 ; 2,41 ;;;;;;;;;;;;;;;;
 3,49 ; 20,70 ; 39,76 ; 2,39 ;;;;;;;;;;;;;;;;
 3,49 ; 21,58 ; 40,16 ; 2,40 ;;;;;;;;;;;;;;;;
 3,46 ; 20,65 ; 40,90 ; 2,33 ;;;;;;;;;;;;;;;;
 3,58 ; 22,65 ; 42,59 ; 2,52 ;;;;;;;;;;;;;;;;
 3,63 ; 23,83 ; 42,11 ; 2,58 ;;;;;;;;;;;;;;;;
 3,63 ; 23,65 ; 42,11 ; 2,64 ;;;;;;;;;;;;;;;;
 3,55 ; 23,30 ; 42,10 ; 2,64 ;;;;;;;;;;;;;;;;
 3,54 ; 23,69 ; 42,15 ; 2,64 ;;;;;;;;;;;;;;;;
 3,57 ; 23,48 ; 42,59 ; 2,68 ;;;;;;;;;;;;;;;;
 3,56 ; 23,00 ; 42,69 ; 2,61 ;;;;;;;;;;;;;;;;
 3,51 ; 22,95 ; 43,36 ; 2,51 ;;;;;;;;;;;;;;;;
 3,51 ; 24,21 ; 44,75 ; 2,54 ;;;;;;;;;;;;;;;;
 3,49 ; 24,87 ; 44,15 ; 2,46 ;;;;;;;;;;;;;;;;
 3,51 ; 25,57 ; 43,32 ; 2,37 ;;;;;;;;;;;;;;;;
 3,41 ; 24,90 ; 43,66 ; 2,30 ;;;;;;;;;;;;;;;;
 3,44 ; 25,00 ; 44,42 ; 2,33 ;;;;;;;;;;;;;;;;
 3,47 ; 24,98 ; 44,53 ; 2,47 ;;;;;;;;;;;;;;;;
 3,42 ; 24,90 ; 43,10 ; 2,45 ;;;;;;;;;;;;;;;;
 3,48 ; 24,85 ; 42,95 ; 2,56 ;;;;;;;;;;;;;;;;
 3,45 ; 27,00 ; 42,60 ; 2,59 ;;;;;;;;;;;;;;;;
 3,43 ; 27,35 ; 41,89 ; 2,48 ;;;;;;;;;;;;;;;;
 3,42 ; 27,95 ; 41,68 ; 2,54 ;;;;;;;;;;;;;;;;
 3,47 ; 29,23 ; 42,06 ; 2,71 ;;;;;;;;;;;;;;;;
 3,44 ; 28,49 ; 41,71 ; 2,94 ;;;;;;;;;;;;;;;;
 3,41 ; 28,83 ; 41,04 ; 2,85 ;;;;;;;;;;;;;;;;
 3,44 ; 27,90 ; 40,77 ; 2,84 ;;;;;;;;;;;;;;;;
 3,41 ; 27,90 ; 41,42 ; 2,87 ;;;;;;;;;;;;;;;;
 3,46 ; 28,54 ; 41,43 ; 2,89 ;;;;;;;;;;;;;;;;
 3,43 ; 28,78 ; 42,57 ; 2,82 ;;;;;;;;;;;;;;;;
 3,44 ; 28,37 ; 42,49 ; 2,78 ;;;;;;;;;;;;;;;;
 3,40 ; 27,09 ; 42,59 ; 2,81 ;;;;;;;;;;;;;;;;
 3,42 ; 26,31 ; 43,09 ; 2,75 ;;;;;;;;;;;;;;;;
 3,45 ; 26,94 ; 43,95 ; 2,83 ;;;;;;;;;;;;;;;;
 3,48 ; 28,15 ; 41,96 ; 2,89 ;;;;;;;;;;;;;;;;
 3,51 ; 27,60 ; 41,52 ; 2,85 ;;;;;;;;;;;;;;;;
 3,51 ; 25,57 ; 41,55 ; 2,80 ;;;;;;;;;;;;;;;;
 3,50 ; 25,45 ; 41,27 ; 2,84 ;;;;;;;;;;;;;;;;
 3,59 ; 25,40 ; 41,08 ; 2,89 ;;;;;;;;;;;;;;;;
 3,52 ; 25,12 ; 40,85 ; 2,83 ;;;;;;;;;;;;;;;;
 3,53 ; 25,50 ; 40,26 ; 2,80 ;;;;;;;;;;;;;;;;
 3,46 ; 24,99 ; 40,48 ; 2,90 ;;;;;;;;;;;;;;;;
 3,53 ; 24,98 ; 40,27 ; 2,97 ;;;;;;;;;;;;;;;;
 3,57 ; 24,78 ; 40,25 ; 2,95 ;;;;;;;;;;;;;;;;
 3,60 ; 26,50 ; 40,80 ; 3,12 ;;;;;;;;;;;;;;;;
 3,58 ; 25,46 ; 41,85 ; 3,01 ;;;;;;;;;;;;;;;;
 3,64 ; 24,30 ; 41,43 ; 3,02 ;;;;;;;;;;;;;;;;
 3,61 ; 24,10 ; 42,78 ; 3,05 ;;;;;;;;;;;;;;;;
 3,60 ; 23,61 ; 43,56 ; 3,05 ;;;;;;;;;;;;;;;;
 3,63 ; 24,09 ; 43,38 ; 3,02 ;;;;;;;;;;;;;;;;
 3,66 ; 24,90 ; 43,99 ; 3,01 ;;;;;;;;;;;;;;;;
 3,73 ; 25,70 ; 43,95 ; 3,08 ;;;;;;;;;;;;;;;;
 3,70 ; 23,60 ; 44,04 ; 3,06 ;;;;;;;;;;;;;;;;
 3,62 ; 22,01 ; 44,03 ; 3,01 ;;;;;;;;;;;;;;;;
 3,63 ; 23,07 ; 44,77 ; 2,96 ;;;;;;;;;;;;;;;;
 3,63 ; 23,15 ; 44,53 ; 3,02 ;;;;;;;;;;;;;;;;
 3,61 ; 23,40 ; 43,77 ; 3,10 ;;;;;;;;;;;;;;;;
 3,55 ; 23,06 ; 43,90 ; 3,06 ;;;;;;;;;;;;;;;;
 3,50 ; 22,07 ; 43,82 ; 3,00 ;;;;;;;;;;;;;;;;
 3,51 ; 21,60 ; 44,67 ; 3,03 ;;;;;;;;;;;;;;;;
 3,51 ; 22,19 ; 44,76 ; 2,99 ;;;;;;;;;;;;;;;;
 3,52 ; 22,40 ; 44,71 ; 2,95 ;;;;;;;;;;;;;;;;
 3,53 ; 21,45 ; 43,52 ; 3,03 ;;;;;;;;;;;;;;;;
 3,52 ; 21,35 ; 43,75 ; 3,12 ;;;;;;;;;;;;;;;;
 3,49 ; 21,34 ; 43,61 ; 3,16 ;;;;;;;;;;;;;;;;
 3,48 ; 22,03 ; 42,23 ; 3,17 ;;;;;;;;;;;;;;;;
 3,50 ; 22,09 ; 43,57 ; 3,27 ;;;;;;;;;;;;;;;;
 3,51 ; 23,33 ; 43,90 ; 3,29 ;;;;;;;;;;;;;;;;
 3,56 ; 22,80 ; 43,87 ; 3,33 ;;;;;;;;;;;;;;;;
 3,50 ; 23,30 ; 44,11 ; 3,20 ;;;;;;;;;;;;;;;;
 3,46 ; 22,50 ; 42,41 ; 3,04 ;;;;;;;;;;;;;;;;
 3,43 ; 23,16 ; 42,33 ; 3,05 ;;;;;;;;;;;;;;;;
 3,42 ; 21,29 ; 41,69 ; 3,03 ;;;;;;;;;;;;;;;;
 3,38 ; 21,27 ; 42,18 ; 3,47 ;;;;;;;;;;;;;;;;
 3,43 ; 21,74 ; 42,58 ; 3,52 ;;;;;;;;;;;;;;;;
 3,43 ; 22,53 ; 42,55 ; 3,42 ;;;;;;;;;;;;;;;;
 3,40 ; 21,76 ; 42,50 ; 3,40 ;;;;;;;;;;;;;;;;
 3,33 ; 21,00 ; 41,78 ; 3,38 ;;;;;;;;;;;;;;;;
 3,24 ; 21,76 ; 41,93 ; 3,33 ;;;;;;;;;;;;;;;;
 3,32 ; 21,29 ; 42,28 ; 3,51 ;;;;;;;;;;;;;;;;
 3,24 ; 21,05 ; 41,69 ; 3,42 ;;;;;;;;;;;;;;;;
 3,24 ; 20,23 ; 41,07 ; 3,28 ;;;;;;;;;;;;;;;;
 3,15 ; 19,95 ; 40,94 ; 3,42 ;;;;;;;;;;;;;;;;
 3,20 ; 20,70 ; 41,18 ; 3,56 ;;;;;;;;;;;;;;;;
 3,19 ; 18,75 ; 40,62 ; 3,50 ;;;;;;;;;;;;;;;;
 3,13 ; 17,53 ; 41,63 ; 3,53 ;;;;;;;;;;;;;;;;
 3,10 ; 18,07 ; 41,48 ; 3,50 ;;;;;;;;;;;;;;;;
 3,02 ; 16,35 ; 40,37 ; 3,28 ;;;;;;;;;;;;;;;;
 3,00 ; 16,60 ; 40,19 ; 3,27 ;;;;;;;;;;;;;;;;
 2,97 ; 16,75 ; 41,27 ; 3,39 ;;;;;;;;;;;;;;;;
 3,07 ; 17,36 ; 41,28 ; 3,61 ;;;;;;;;;;;;;;;;
 3,03 ; 18,90 ; 40,88 ; 3,89 ;;;;;;;;;;;;;;;;
 2,93 ; 17,36 ; 40,35 ; 3,78 ;;;;;;;;;;;;;;;;
 2,94 ; 16,26 ; 40,98 ; 3,57 ;;;;;;;;;;;;;;;;
 2,87 ; 15,38 ; 41,31 ; 3,33 ;;;;;;;;;;;;;;;;
 2,88 ; 14,64 ; 41,18 ; 3,30 ;;;;;;;;;;;;;;;;
 2,90 ; 14,95 ; 41,08 ; 3,32 ;;;;;;;;;;;;;;;;
 2,99 ; 15,84 ; 40,85 ; 3,44 ;;;;;;;;;;;;;;;;
 3,05 ; 16,65 ; 40,99 ; 3,51 ;;;;;;;;;;;;;;;;
 3,03 ; 16,35 ; 41,60 ; 3,73 ;;;;;;;;;;;;;;;;
 3,02 ; 15,01 ; 41,46 ; 3,74 ;;;;;;;;;;;;;;;;
 3,01 ; 15,00 ; 41,52 ; 3,68 ;;;;;;;;;;;;;;;;
 3,06 ; 15,63 ; 42,25 ; 3,86 ;;;;;;;;;;;;;;;;
 3,03 ; 15,84 ; 42,38 ; 3,80 ;;;;;;;;;;;;;;;;
 3,00 ; 14,72 ; 40,86 ; 3,80 ;;;;;;;;;;;;;;;;
 3,00 ; 15,22 ; 41,14 ; 3,84 ;;;;;;;;;;;;;;;;
 2,95 ; 15,07 ; 41,58 ; 3,84 ;;;;;;;;;;;;;;;;
 2,88 ; 14,45 ; 41,18 ; 3,87 ;;;;;;;;;;;;;;;;
 2,85 ; 13,72 ; 41,09 ; 3,80 ;;;;;;;;;;;;;;;;
 2,91 ; 13,97 ; 41,14 ; 3,86 ;;;;;;;;;;;;;;;;
 2,99 ; 13,55 ; 41,97 ; 4,00 ;;;;;;;;;;;;;;;;
 2,99 ; 14,68 ; 41,30 ; 3,92 ;;;;;;;;;;;;;;;;
 2,96 ; 15,35 ; 41,35 ; 3,89 ;;;;;;;;;;;;;;;;
 3,00 ; 17,90 ; 41,63 ; 3,89 ;;;;;;;;;;;;;;;;
 2,97 ; 16,80 ; 41,30 ; 3,75 ;;;;;;;;;;;;;;;;
 3,00 ; 16,84 ; 40,04 ; 3,80 ;;;;;;;;;;;;;;;;
 3,01 ; 16,56 ; 41,20 ; 3,69 ;;;;;;;;;;;;;;;;
 2,95 ; 16,92 ; 41,00 ; 3,58 ;;;;;;;;;;;;;;;;
 2,89 ; 16,75 ; 40,90 ; 3,86 ;;;;;;;;;;;;;;;;
 2,86 ; 16,64 ; 40,73 ; 3,93 ;;;;;;;;;;;;;;;;
 2,87 ; 17,05 ; 40,90 ; 3,99 ;;;;;;;;;;;;;;;;
 2,93 ; 17,14 ; 41,65 ; 4,13 ;;;;;;;;;;;;;;;;
 2,90 ; 17,84 ; 40,70 ; 3,97 ;;;;;;;;;;;;;;;;
 2,87 ; 18,30 ; 40,53 ; 4,03 ;;;;;;;;;;;;;;;;
 2,93 ; 19,20 ; 40,64 ; 4,09 ;;;;;;;;;;;;;;;;
 2,92 ; 18,90 ; 39,80 ; 4,06 ;;;;;;;;;;;;;;;;
 2,88 ; 19,30 ; 40,20 ; 4,18 ;;;;;;;;;;;;;;;;
 2,88 ; 20,19 ; 39,85 ; 4,16 ;;;;;;;;;;;;;;;;
 2,87 ; 19,03 ; 38,80 ; 4,11 ;;;;;;;;;;;;;;;;
 2,85 ; 18,85 ; 38,95 ; 4,06 ;;;;;;;;;;;;;;;;
 2,83 ; 18,82 ; 37,93 ; 4,06 ;;;;;;;;;;;;;;;;
 2,77 ; 19,28 ; 37,58 ; 4,13 ;;;;;;;;;;;;;;;;
 2,81 ; 19,45 ; 38,25 ; 4,20 ;;;;;;;;;;;;;;;;
 2,84 ; 19,25 ; 38,23 ; 4,28 ;;;;;;;;;;;;;;;;
 2,87 ; 19,89 ; 37,97 ; 4,28 ;;;;;;;;;;;;;;;;
 2,87 ; 19,15 ; 38,93 ; 4,31 ;;;;;;;;;;;;;;;;
 2,86 ; 18,64 ; 37,73 ; 4,56 ;;;;;;;;;;;;;;;;
 2,90 ; 18,19 ; 37,40 ; 4,38 ;;;;;;;;;;;;;;;;
 2,85 ; 17,91 ; 37,68 ; 4,59 ;;;;;;;;;;;;;;;;
 2,82 ; 17,25 ; 36,91 ; 4,34 ;;;;;;;;;;;;;;;;
 2,86 ; 17,35 ; 37,58 ; 4,41 ;;;;;;;;;;;;;;;;
 2,96 ; 17,42 ; 37,71 ; 4,43 ;;;;;;;;;;;;;;;;
 3,01 ; 17,68 ; 37,42 ; 4,33 ;;;;;;;;;;;;;;;;
 2,97 ; 18,94 ; 36,91 ; 4,26 ;;;;;;;;;;;;;;;;
 2,92 ; 18,80 ; 36,42 ; 4,18 ;;;;;;;;;;;;;;;;
 2,88 ; 18,49 ; 36,38 ; 4,32 ;;;;;;;;;;;;;;;;
 2,84 ; 17,50 ; 36,19 ; 4,14 ;;;;;;;;;;;;;;;;
 2,85 ; 17,84 ; 36,10 ; 4,20 ;;;;;;;;;;;;;;;;
 2,80 ; 17,29 ; 36,40 ; 4,15 ;;;;;;;;;;;;;;;;
 2,79 ; 17,07 ; 37,07 ; 4,13 ;;;;;;;;;;;;;;;;
 2,83 ; 18,21 ; 36,44 ; 4,11 ;;;;;;;;;;;;;;;;
 2,86 ; 18,19 ; 36,21 ; 4,04 ;;;;;;;;;;;;;;;;
 2,89 ; 19,66 ; 36,49 ; 4,13 ;;;;;;;;;;;;;;;;
 2,83 ; 18,42 ; 36,45 ; 3,99 ;;;;;;;;;;;;;;;;
 2,83 ; 18,10 ; 36,60 ; 4,07 ;;;;;;;;;;;;;;;;
 2,84 ; 17,50 ; 36,81 ; 3,95 ;;;;;;;;;;;;;;;;
 2,79 ; 17,40 ; 36,70 ; 3,69 ;;;;;;;;;;;;;;;;
 2,82 ; 17,69 ; 36,66 ; 3,81 ;;;;;;;;;;;;;;;;
 2,87 ; 18,83 ; 38,19 ; 3,91 ;;;;;;;;;;;;;;;;
 2,89 ; 18,80 ; 38,52 ; 3,81 ;;;;;;;;;;;;;;;;
 2,85 ; 17,81 ; 37,79 ; 3,72 ;;;;;;;;;;;;;;;;
 2,89 ; 18,30 ; 37,73 ; 3,73 ;;;;;;;;;;;;;;;;
 2,88 ; 18,04 ; 37,09 ; 3,61 ;;;;;;;;;;;;;;;;
 2,85 ; 17,51 ; 37,50 ; 3,63 ;;;;;;;;;;;;;;;;
 2,84 ; 18,20 ; 37,67 ; 3,72 ;;;;;;;;;;;;;;;;
 2,85 ; 18,98 ; 36,85 ; 3,89 ;;;;;;;;;;;;;;;;
 2,84 ; 18,12 ; 36,40 ; 3,72 ;;;;;;;;;;;;;;;;
 2,84 ; 18,15 ; 36,61 ; 3,70 ;;;;;;;;;;;;;;;;
 2,90 ; 18,81 ; 36,01 ; 3,88 ;;;;;;;;;;;;;;;;
 2,84 ; 18,31 ; 35,48 ; 3,79 ;;;;;;;;;;;;;;;;
 2,83 ; 18,30 ; 35,60 ; 3,85 ;;;;;;;;;;;;;;;;
 2,82 ; 18,29 ; 37,00 ; 3,82 ;;;;;;;;;;;;;;;;
 2,80 ; 18,86 ; 37,85 ; 3,88 ;;;;;;;;;;;;;;;;
 2,77 ; 18,62 ; 36,30 ; 3,83 ;;;;;;;;;;;;;;;;
 2,76 ; 17,78 ; 36,40 ; 3,83 ;;;;;;;;;;;;;;;;
 2,79 ; 19,55 ; 37,27 ; 4,08 ;;;;;;;;;;;;;;;;
 2,86 ; 21,24 ; 38,00 ; 4,35 ;;;;;;;;;;;;;;;;
 2,87 ; 22,27 ; 37,68 ; 4,36 ;;;;;;;;;;;;;;;;
 2,92 ; 22,61 ; 37,43 ; 4,44 ;;;;;;;;;;;;;;;;
 3,13 ; 26,75 ; 38,43 ; 4,64 ;;;;;;;;;;;;;;;;
 3,16 ; 26,79 ; 37,11 ; 4,69 ;;;;;;;;;;;;;;;;
 3,14 ; 24,55 ; 37,00 ; 4,49 ;;;;;;;;;;;;;;;;
 3,10 ; 23,99 ; 36,84 ; 4,71 ;;;;;;;;;;;;;;;;
 3,13 ; 25,30 ; 36,38 ; 4,69 ;;;;;;;;;;;;;;;;
 3,11 ; 26,00 ; 36,40 ; 4,98 ;;;;;;;;;;;;;;;;
 3,14 ; 24,60 ; 36,40 ; 5,05 ;;;;;;;;;;;;;;;;
 3,12 ; 23,77 ; 36,43 ; 5,03 ;;;;;;;;;;;;;;;;
 3,15 ; 25,19 ; 36,00 ; 5,28 ;;;;;;;;;;;;;;;;
 3,17 ; 25,74 ; 36,30 ; 5,22 ;;;;;;;;;;;;;;;;
 3,19 ; 25,57 ; 36,28 ; 5,28 ;;;;;;;;;;;;;;;;
 3,17 ; 24,58 ; 35,49 ; 5,25 ;;;;;;;;;;;;;;;;
 3,18 ; 25,24 ; 36,18 ; 5,26 ;;;;;;;;;;;;;;;;
 3,31 ; 26,00 ; 36,06 ; 5,21 ;;;;;;;;;;;;;;;;
 3,25 ; 25,10 ; 35,80 ; 5,20 ;;;;;;;;;;;;;;;;
 3,33 ; 26,25 ; 38,89 ; 5,29 ;;;;;;;;;;;;;;;;
 3,36 ; 26,60 ; 39,00 ; 5,28 ;;;;;;;;;;;;;;;;
 3,39 ; 26,79 ; 40,33 ; 5,31 ;;;;;;;;;;;;;;;;
 3,46 ; 27,08 ; 40,57 ; 5,41 ;;;;;;;;;;;;;;;;
 3,41 ; 26,83 ; 40,64 ; 4,95 ;;;;;;;;;;;;;;;;
 3,38 ; 25,88 ; 40,19 ; 4,72 ;;;;;;;;;;;;;;;;
 3,39 ; 25,45 ; 40,48 ; 4,61 ;;;;;;;;;;;;;;;;
 3,39 ; 26,10 ; 40,39 ; 4,58 ;;;;;;;;;;;;;;;;
 3,46 ; 26,34 ; 40,57 ; 4,80 ;;;;;;;;;;;;;;;;
 3,48 ; 25,97 ; 41,30 ; 4,79 ;;;;;;;;;;;;;;;;
 3,47 ; 26,15 ; 41,39 ; 4,86 ;;;;;;;;;;;;;;;;
 3,49 ; 28,02 ; 42,52 ; 4,89 ;;;;;;;;;;;;;;;;
 3,42 ; 27,77 ; 41,99 ; 4,88 ;;;;;;;;;;;;;;;;
 3,43 ; 27,85 ; 41,94 ; 4,85 ;;;;;;;;;;;;;;;;
 3,42 ; 27,82 ; 42,27 ; 5,00 ;;;;;;;;;;;;;;;;
 3,43 ; 27,65 ; 41,64 ; 5,07 ;;;;;;;;;;;;;;;;
 3,37 ; 27,63 ; 41,52 ; 4,94 ;;;;;;;;;;;;;;;;
 3,48 ; 28,93 ; 42,35 ; 5,27 ;;;;;;;;;;;;;;;;
 3,54 ; 29,03 ; 43,50 ; 5,31 ;;;;;;;;;;;;;;;;
 3,51 ; 29,25 ; 43,71 ; 5,35 ;;;;;;;;;;;;;;;;
 3,48 ; 28,32 ; 43,26 ; 5,14 ;;;;;;;;;;;;;;;;
 3,55 ; 28,68 ; 42,46 ; 5,07 ;;;;;;;;;;;;;;;;
 3,55 ; 28,49 ; 42,22 ; 5,15 ;;;;;;;;;;;;;;;;
 3,54 ; 28,57 ; 42,20 ; 5,15 ;;;;;;;;;;;;;;;;
 3,53 ; 28,70 ; 42,95 ; 5,17 ;;;;;;;;;;;;;;;;
 3,60 ; 29,04 ; 42,59 ; 5,14 ;;;;;;;;;;;;;;;;
 3,61 ; 28,67 ; 41,47 ; 5,02 ;;;;;;;;;;;;;;;;
 3,60 ; 29,61 ; 42,10 ; 5,14 ;;;;;;;;;;;;;;;;
 3,55 ; 29,21 ; 42,40 ; 5,25 ;;;;;;;;;;;;;;;;
 3,52 ; 29,23 ; 42,07 ; 5,23 ;;;;;;;;;;;;;;;;
 3,51 ; 28,50 ; 42,40 ; 5,33 ;;;;;;;;;;;;;;;;
 3,46 ; 27,88 ; 42,00 ; 5,31 ;;;;;;;;;;;;;;;;
 3,47 ; 28,69 ; 42,00 ; 5,50 ;;;;;;;;;;;;;;;;
 3,43 ; 27,57 ; 41,05 ; 5,53 ;;;;;;;;;;;;;;;;
 3,42 ; 26,94 ; 40,51 ; 5,56 ;;;;;;;;;;;;;;;;
 3,36 ; 26,41 ; 40,40 ; 5,71 ;;;;;;;;;;;;;;;;
 3,46 ; 26,15 ; 40,84 ; 5,52 ;;;;;;;;;;;;;;;;
 3,46 ; 27,72 ; 40,54 ; 5,44 ;;;;;;;;;;;;;;;;
 3,57 ; 28,17 ; 41,29 ; 5,66 ;;;;;;;;;;;;;;;;
 3,65 ; 32,26 ; 41,91 ; 5,81 ;;;;;;;;;;;;;;;;
 3,91 ; 34,20 ; 41,40 ; 5,75 ;;;;;;;;;;;;;;;;
 4,23 ; 33,96 ; 41,09 ; 5,58 ;;;;;;;;;;;;;;;;
 4,04 ; 32,50 ; 41,20 ; 5,66 ;;;;;;;;;;;;;;;;
 4,05 ; 33,59 ; 40,30 ; 5,62 ;;;;;;;;;;;;;;;;
 4,06 ; 33,93 ; 40,72 ; 5,60 ;;;;;;;;;;;;;;;;
 4,03 ; 34,37 ; 40,00 ; 5,65 ;;;;;;;;;;;;;;;;
 4,11 ; 34,30 ; 40,45 ; 5,55 ;;;;;;;;;;;;;;;;
 4,40 ; 34,09 ; 40,10 ; 5,59 ;;;;;;;;;;;;;;;;
 4,48 ; 32,86 ; 40,36 ; 5,53 ;;;;;;;;;;;;;;;;
 4,39 ; 33,52 ; 40,06 ; 5,47 ;;;;;;;;;;;;;;;;
 4,59 ; 33,92 ; 40,09 ; 5,45 ;;;;;;;;;;;;;;;;
 4,43 ; 35,69 ; 40,45 ; 5,44 ;;;;;;;;;;;;;;;;
 4,34 ; 35,86 ; 40,50 ; 5,22 ;;;;;;;;;;;;;;;;
 4,40 ; 35,80 ; 40,00 ; 5,06 ;;;;;;;;;;;;;;;;
 4,47 ; 36,50 ; 40,80 ; 5,30 ;;;;;;;;;;;;;;;;
 4,58 ; 36,95 ; 41,49 ; 5,23 ;;;;;;;;;;;;;;;;
 4,48 ; 37,02 ; 41,90 ; 5,23 ;;;;;;;;;;;;;;;;
 4,54 ; 38,81 ; 41,20 ; 5,57 ;;;;;;;;;;;;;;;;
 4,50 ; 39,78 ; 41,50 ; 5,50 ;;;;;;;;;;;;;;;;
 4,50 ; 40,70 ; 41,60 ; 5,60 ;;;;;;;;;;;;;;;;
 4,61 ; 40,96 ; 42,59 ; 5,59 ;;;;;;;;;;;;;;;;
 4,67 ; 40,28 ; 42,80 ; 5,53 ;;;;;;;;;;;;;;;;
 4,55 ; 39,50 ; 42,79 ; 5,48 ;;;;;;;;;;;;;;;;
 4,50 ; 37,89 ; 40,49 ; 5,30 ;;;;;;;;;;;;;;;;
 4,47 ; 37,43 ; 41,96 ; 5,21 ;;;;;;;;;;;;;;;;
 4,50 ; 37,40 ; 41,72 ; 5,31 ;;;;;;;;;;;;;;;;
 4,44 ; 38,11 ; 42,01 ; 5,17 ;;;;;;;;;;;;;;;;
 4,46 ; 37,73 ; 41,88 ; 5,15 ;;;;;;;;;;;;;;;;
 4,48 ; 38,80 ; 42,19 ; 5,04 ;;;;;;;;;;;;;;;;
 4,58 ; 39,83 ; 42,30 ; 5,33 ;;;;;;;;;;;;;;;;
 4,57 ; 39,45 ; 42,37 ; 5,12 ;;;;;;;;;;;;;;;;
 4,60 ; 38,69 ; 42,20 ; 5,27 ;;;;;;;;;;;;;;;;
 4,70 ; 38,70 ; 43,22 ; 5,30 ;;;;;;;;;;;;;;;;
 4,61 ; 37,46 ; 43,29 ; 5,08 ;;;;;;;;;;;;;;;;
 4,58 ; 38,76 ; 42,94 ; 5,03 ;;;;;;;;;;;;;;;;
 4,84 ; 39,82 ; 43,44 ; 5,56 ;;;;;;;;;;;;;;;;
 4,80 ; 39,49 ; 43,27 ; 5,43 ;;;;;;;;;;;;;;;;
 4,71 ; 39,32 ; 43,48 ; 5,58 ;;;;;;;;;;;;;;;;
 4,72 ; 40,75 ; 43,56 ; 5,50 ;;;;;;;;;;;;;;;;
 4,56 ; 38,97 ; 43,13 ; 5,42 ;;;;;;;;;;;;;;;;
 4,52 ; 37,49 ; 42,48 ; 5,48 ;;;;;;;;;;;;;;;;
 4,47 ; 37,26 ; 42,06 ; 5,36 ;;;;;;;;;;;;;;;;
 4,42 ; 35,10 ; 42,58 ; 5,54 ;;;;;;;;;;;;;;;;
 4,55 ; 35,89 ; 42,73 ; 5,65 ;;;;;;;;;;;;;;;;
 4,53 ; 37,87 ; 43,30 ; 5,71 ;;;;;;;;;;;;;;;;
 4,56 ; 37,16 ; 42,46 ; 5,59 ;;;;;;;;;;;;;;;;
 4,53 ; 37,62 ; 43,23 ; 5,54 ;;;;;;;;;;;;;;;;
 4,56 ; 37,60 ; 43,14 ; 5,52 ;;;;;;;;;;;;;;;;
 4,83 ; 38,65 ; 44,98 ; 5,54 ;;;;;;;;;;;;;;;;
 4,74 ; 39,00 ; 44,49 ; 5,64 ;;;;;;;;;;;;;;;;
 4,71 ; 39,20 ; 44,19 ; 5,65 ;;;;;;;;;;;;;;;;
 4,68 ; 38,93 ; 43,99 ; 5,68 ;;;;;;;;;;;;;;;;
 4,68 ; 37,80 ; 44,39 ; 5,70 ;;;;;;;;;;;;;;;;
 4,58 ; 36,06 ; 43,75 ; 5,42 ;;;;;;;;;;;;;;;;
 4,56 ; 36,43 ; 42,68 ; 5,41 ;;;;;;;;;;;;;;;;
 4,57 ; 37,92 ; 43,60 ; 5,52 ;;;;;;;;;;;;;;;;
 4,45 ; 35,70 ; 42,79 ; 5,25 ;;;;;;;;;;;;;;;;
 4,55 ; 37,25 ; 43,75 ; 5,34 ;;;;;;;;;;;;;;;;
 4,63 ; 37,86 ; 44,00 ; 5,40 ;;;;;;;;;;;;;;;;
 4,62 ; 38,85 ; 43,96 ; 5,35 ;;;;;;;;;;;;;;;;
 4,55 ; 37,35 ; 44,20 ; 5,19 ;;;;;;;;;;;;;;;;
 4,74 ; 36,90 ; 43,28 ; 5,28 ;;;;;;;;;;;;;;;;
 4,75 ; 37,84 ; 43,90 ; 5,28 ;;;;;;;;;;;;;;;;
 4,82 ; 37,51 ; 44,50 ; 5,31 ;;;;;;;;;;;;;;;;
 4,82 ; 36,21 ; 45,14 ; 5,21 ;;;;;;;;;;;;;;;;
 4,80 ; 35,00 ; 43,10 ; 5,20 ;;;;;;;;;;;;;;;;
 4,87 ; 36,15 ; 42,99 ; 5,27 ;;;;;;;;;;;;;;;;
 4,80 ; 35,80 ; 42,98 ; 5,19 ;;;;;;;;;;;;;;;;
 4,76 ; 34,02 ; 41,58 ; 5,15 ;;;;;;;;;;;;;;;;
 4,73 ; 34,05 ; 41,01 ; 5,11 ;;;;;;;;;;;;;;;;
 4,99 ; 34,28 ; 41,14 ; 5,08 ;;;;;;;;;;;;;;;;
 4,90 ; 33,57 ; 40,67 ; 4,99 ;;;;;;;;;;;;;;;;
 4,88 ; 34,47 ; 41,30 ; 5,34 ;;;;;;;;;;;;;;;;
 4,95 ; 34,82 ; 41,38 ; 5,23 ;;;;;;;;;;;;;;;;
 4,85 ; 35,42 ; 41,39 ; 5,34 ;;;;;;;;;;;;;;;;
 4,85 ; 34,68 ; 41,90 ; 5,39 ;;;;;;;;;;;;;;;;
 4,85 ; 35,72 ; 41,72 ; 5,47 ;;;;;;;;;;;;;;;;
 4,78 ; 35,81 ; 41,64 ; 5,59 ;;;;;;;;;;;;;;;;
 4,73 ; 35,79 ; 41,51 ; 5,58 ;;;;;;;;;;;;;;;;
 4,75 ; 34,65 ; 41,70 ; 5,98 ;;;;;;;;;;;;;;;;
 4,77 ; 34,13 ; 41,31 ; 5,96 ;;;;;;;;;;;;;;;;
 4,71 ; 34,28 ; 41,09 ; 6,13 ;;;;;;;;;;;;;;;;
 4,86 ; 34,34 ; 41,06 ; 6,26 ;;;;;;;;;;;;;;;;
 4,84 ; 34,05 ; 40,95 ; 6,00 ;;;;;;;;;;;;;;;;
 4,96 ; 34,23 ; 41,10 ; 6,05 ;;;;;;;;;;;;;;;;
 4,93 ; 33,90 ; 40,80 ; 5,81 ;;;;;;;;;;;;;;;;
 4,93 ; 32,94 ; 41,39 ; 5,83 ;;;;;;;;;;;;;;;;
 4,68 ; 32,14 ; 40,50 ; 5,63 ;;;;;;;;;;;;;;;;
 4,60 ; 33,45 ; 40,72 ; 5,57 ;;;;;;;;;;;;;;;;
 4,58 ; 33,39 ; 41,10 ; 5,41 ;;;;;;;;;;;;;;;;
 4,49 ; 32,53 ; 40,90 ; 5,22 ;;;;;;;;;;;;;;;;
 4,41 ; 32,28 ; 41,05 ; 5,28 ;;;;;;;;;;;;;;;;
 4,49 ; 33,37 ; 40,85 ; 5,41 ;;;;;;;;;;;;;;;;
 4,51 ; 34,75 ; 41,30 ; 5,61 ;;;;;;;;;;;;;;;;
 4,35 ; 34,58 ; 41,60 ; 5,63 ;;;;;;;;;;;;;;;;
 4,18 ; 34,61 ; 40,96 ; 5,64 ;;;;;;;;;;;;;;;;
 4,18 ; 34,68 ; 41,48 ; 5,53 ;;;;;;;;;;;;;;;;
 4,18 ; 34,71 ; 40,92 ; 5,56 ;;;;;;;;;;;;;;;;
 4,29 ; 34,70 ; 41,88 ; 5,91 ;;;;;;;;;;;;;;;;
 4,23 ; 35,01 ; 42,00 ; 5,91 ;;;;;;;;;;;;;;;;
 4,38 ; 34,75 ; 42,70 ; 6,03 ;;;;;;;;;;;;;;;;
 4,51 ; 35,67 ; 42,76 ; 6,13 ;;;;;;;;;;;;;;;;
 4,59 ; 35,97 ; 42,06 ; 6,09 ;;;;;;;;;;;;;;;;
 4,68 ; 36,35 ; 43,20 ; 6,08 ;;;;;;;;;;;;;;;;
 4,71 ; 35,90 ; 42,65 ; 5,97 ;;;;;;;;;;;;;;;;
 4,72 ; 36,98 ; 42,10 ; 5,94 ;;;;;;;;;;;;;;;;
 4,65 ; 36,98 ; 41,96 ; 6,20 ;;;;;;;;;;;;;;;;
 4,61 ; 36,42 ; 43,30 ; 6,33 ;;;;;;;;;;;;;;;;
 4,62 ; 37,29 ; 43,30 ; 6,47 ;;;;;;;;;;;;;;;;
 4,62 ; 36,85 ; 43,62 ; 6,35 ;;;;;;;;;;;;;;;;
 4,69 ; 36,06 ; 43,75 ; 6,55 ;;;;;;;;;;;;;;;;
 4,70 ; 36,18 ; 43,87 ; 6,61 ;;;;;;;;;;;;;;;;
 4,68 ; 35,21 ; 42,61 ; 6,48 ;;;;;;;;;;;;;;;;
 4,71 ; 35,26 ; 41,91 ; 6,50 ;;;;;;;;;;;;;;;;
 4,85 ; 35,68 ; 42,00 ; 6,56 ;;;;;;;;;;;;;;;;
 4,88 ; 35,15 ; 42,00 ; 6,65 ;;;;;;;;;;;;;;;;
 4,88 ; 34,80 ; 43,22 ; 6,56 ;;;;;;;;;;;;;;;;
 4,80 ; 34,20 ; 42,88 ; 6,45 ;;;;;;;;;;;;;;;;
 4,80 ; 34,91 ; 43,09 ; 6,51 ;;;;;;;;;;;;;;;;
 4,79 ; 35,09 ; 42,99 ; 6,52 ;;;;;;;;;;;;;;;;
 4,90 ; 36,00 ; 42,25 ; 6,60 ;;;;;;;;;;;;;;;;
 4,80 ; 36,30 ; 41,60 ; 6,57 ;;;;;;;;;;;;;;;;
 4,91 ; 35,45 ; 42,72 ; 6,64 ;;;;;;;;;;;;;;;;
 4,95 ; 36,28 ; 43,00 ; 6,90 ;;;;;;;;;;;;;;;;
 4,98 ; 37,42 ; 44,03 ; 6,91 ;;;;;;;;;;;;;;;;
 4,89 ; 37,32 ; 43,65 ; 7,07 ;;;;;;;;;;;;;;;;
 5,15 ; 37,27 ; 44,33 ; 7,17 ;;;;;;;;;;;;;;;;
 5,17 ; 37,68 ; 45,90 ; 7,30 ;;;;;;;;;;;;;;;;
 5,22 ; 39,50 ; 45,06 ; 7,21 ;;;;;;;;;;;;;;;;
 5,11 ; 40,00 ; 44,83 ; 7,25 ;;;;;;;;;;;;;;;;
 5,13 ; 38,23 ; 45,74 ; 7,21 ;;;;;;;;;;;;;;;;
 5,13 ; 39,18 ; 46,17 ; 7,31 ;;;;;;;;;;;;;;;;
 5,15 ; 40,70 ; 46,65 ; 7,64 ;;;;;;;;;;;;;;;;
 5,23 ; 40,89 ; 45,74 ; 7,72 ;;;;;;;;;;;;;;;;
 5,22 ; 39,84 ; 45,37 ; 7,44 ;;;;;;;;;;;;;;;;
 5,22 ; 39,17 ; 45,28 ; 7,73 ;;;;;;;;;;;;;;;;
 5,27 ; 38,61 ; 46,39 ; 7,56 ;;;;;;;;;;;;;;;;
 5,17 ; 38,90 ; 45,40 ; 7,68 ;;;;;;;;;;;;;;;;
 5,18 ; 38,16 ; 44,96 ; 7,64 ;;;;;;;;;;;;;;;;
 5,20 ; 38,86 ; 44,70 ; 7,88 ;;;;;;;;;;;;;;;;
 5,18 ; 38,87 ; 44,27 ; 8,24 ;;;;;;;;;;;;;;;;
 5,30 ; 39,42 ; 44,20 ; 8,27 ;;;;;;;;;;;;;;;;
 5,31 ; 39,60 ; 45,00 ; 8,24 ;;;;;;;;;;;;;;;;
 5,36 ; 41,85 ; 45,01 ; 8,64 ;;;;;;;;;;;;;;;;
 5,24 ; 42,69 ; 45,59 ; 8,86 ;;;;;;;;;;;;;;;;
 5,27 ; 41,79 ; 44,01 ; 8,63 ;;;;;;;;;;;;;;;;
 5,33 ; 42,00 ; 44,59 ; 9,15 ;;;;;;;;;;;;;;;;
 5,25 ; 40,92 ; 45,24 ; 9,08 ;;;;;;;;;;;;;;;;
 5,24 ; 41,88 ; 45,60 ; 9,29 ;;;;;;;;;;;;;;;;
 5,31 ; 42,87 ; 44,83 ; 9,45 ;;;;;;;;;;;;;;;;
 5,25 ; 41,60 ; 44,99 ; 9,11 ;;;;;;;;;;;;;;;;
 5,22 ; 41,47 ; 44,18 ; 9,46 ;;;;;;;;;;;;;;;;
 5,13 ; 39,67 ; 43,20 ; 9,24 ;;;;;;;;;;;;;;;;
 4,89 ; 39,78 ; 43,30 ; 9,08 ;;;;;;;;;;;;;;;;
 4,86 ; 40,71 ; 43,50 ; 9,39 ;;;;;;;;;;;;;;;;
 4,91 ; 40,42 ; 43,10 ; 9,46 ;;;;;;;;;;;;;;;;
 4,95 ; 40,25 ; 44,73 ; 9,13 ;;;;;;;;;;;;;;;;
 5,13 ; 45,00 ; 45,18 ; 9,14 ;;;;;;;;;;;;;;;;
 5,13 ; 46,81 ; 45,10 ; 8,61 ;;;;;;;;;;;;;;;;
 5,03 ; 46,16 ; 44,78 ; 8,45 ;;;;;;;;;;;;;;;;
 4,87 ; 45,61 ; 43,50 ; 8,43 ;;;;;;;;;;;;;;;;
 5,00 ; 44,05 ; 43,00 ; 8,55 ;;;;;;;;;;;;;;;;
 5,10 ; 45,06 ; 44,40 ; 8,73 ;;;;;;;;;;;;;;;;
 5,27 ; 46,20 ; 44,20 ; 9,32 ;;;;;;;;;;;;;;;;
 5,83 ; 46,95 ; 45,97 ; 9,07 ;;;;;;;;;;;;;;;;
 5,63 ; 47,27 ; 45,60 ; 9,15 ;;;;;;;;;;;;;;;;
 5,57 ; 46,46 ; 45,55 ; 8,97 ;;;;;;;;;;;;;;;;
 5,68 ; 46,88 ; 46,19 ; 9,30 ;;;;;;;;;;;;;;;;
 5,75 ; 47,20 ; 46,69 ; 9,18 ;;;;;;;;;;;;;;;;
 5,67 ; 46,24 ; 46,23 ; 9,00 ;;;;;;;;;;;;;;;;
 5,54 ; 46,33 ; 44,99 ; 8,55 ;;;;;;;;;;;;;;;;
 5,53 ; 46,15 ; 44,65 ; 8,13 ;;;;;;;;;;;;;;;;
 5,68 ; 47,07 ; 44,46 ; 8,65 ;;;;;;;;;;;;;;;;
 5,58 ; 46,44 ; 44,32 ; 8,75 ;;;;;;;;;;;;;;;;
 5,60 ; 44,99 ; 43,26 ; 8,53 ;;;;;;;;;;;;;;;;
 5,54 ; 45,42 ; 43,80 ; 8,72 ;;;;;;;;;;;;;;;;
 5,55 ; 45,91 ; 43,92 ; 8,71 ;;;;;;;;;;;;;;;;
 5,62 ; 45,35 ; 43,96 ; 8,77 ;;;;;;;;;;;;;;;;
 5,63 ; 44,72 ; 44,41 ; 8,95 ;;;;;;;;;;;;;;;;
 5,60 ; 42,31 ; 44,74 ; 9,14 ;;;;;;;;;;;;;;;;
 5,50 ; 42,65 ; 44,41 ; 9,00 ;;;;;;;;;;;;;;;;
 5,51 ; 41,80 ; 43,85 ; 9,19 ;;;;;;;;;;;;;;;;
 5,45 ; 41,68 ; 43,51 ; 9,18 ;;;;;;;;;;;;;;;;
 5,43 ; 42,00 ; 44,42 ; 9,14 ;;;;;;;;;;;;;;;;
 5,40 ; 42,15 ; 44,80 ; 9,20 ;;;;;;;;;;;;;;;;
 5,48 ; 42,02 ; 44,72 ; 9,26 ;;;;;;;;;;;;;;;;
 5,57 ; 41,46 ; 44,55 ; 9,36 ;;;;;;;;;;;;;;;;
 5,48 ; 40,10 ; 43,44 ; 9,13 ;;;;;;;;;;;;;;;;
 5,50 ; 40,50 ; 43,75 ; 9,33 ;;;;;;;;;;;;;;;;
 5,54 ; 40,99 ; 44,00 ; 9,70 ;;;;;;;;;;;;;;;;
 5,40 ; 38,28 ; 43,97 ; 9,60 ;;;;;;;;;;;;;;;;
 5,39 ; 37,79 ; 43,76 ; 9,50 ;;;;;;;;;;;;;;;;
 5,60 ; 37,87 ; 44,10 ; 9,91 ;;;;;;;;;;;;;;;;
 5,54 ; 37,49 ; 44,90 ; 9,74 ;;;;;;;;;;;;;;;;
 5,58 ; 36,74 ; 45,12 ; 10,13 ;;;;;;;;;;;;;;;;
 5,64 ; 36,10 ; 45,05 ; 10,54 ;;;;;;;;;;;;;;;;
 5,51 ; 36,44 ; 45,10 ; 10,45 ;;;;;;;;;;;;;;;;
 5,65 ; 37,90 ; 45,35 ; 10,69 ;;;;;;;;;;;;;;;;
 5,79 ; 37,70 ; 45,41 ; 10,79 ;;;;;;;;;;;;;;;;
 5,89 ; 38,97 ; 46,80 ; 10,75 ;;;;;;;;;;;;;;;;
 5,87 ; 39,09 ; 45,97 ; 10,78 ;;;;;;;;;;;;;;;;
 5,82 ; 38,94 ; 45,10 ; 10,93 ;;;;;;;;;;;;;;;;
 5,98 ; 39,11 ; 45,00 ; 10,87 ;;;;;;;;;;;;;;;;
 6,00 ; 39,16 ; 45,15 ; 10,81 ;;;;;;;;;;;;;;;;
 5,95 ; 39,28 ; 44,22 ; 10,50 ;;;;;;;;;;;;;;;;
 5,98 ; 39,83 ; 44,36 ; 10,67 ;;;;;;;;;;;;;;;;
 5,96 ; 39,57 ; 44,55 ; 10,29 ;;;;;;;;;;;;;;;;
 6,01 ; 40,60 ; 44,55 ; 11,01 ;;;;;;;;;;;;;;;;
 6,05 ; 40,99 ; 44,50 ; 11,16 ;;;;;;;;;;;;;;;;
 6,13 ; 41,11 ; 44,26 ; 11,80 ;;;;;;;;;;;;;;;;
 6,02 ; 41,08 ; 45,20 ; 11,24 ;;;;;;;;;;;;;;;;
 5,93 ; 40,90 ; 44,70 ; 11,01 ;;;;;;;;;;;;;;;;
 6,08 ; 41,32 ; 45,30 ; 11,30 ;;;;;;;;;;;;;;;;
 6,03 ; 41,04 ; 44,76 ; 11,05 ;;;;;;;;;;;;;;;;
 5,97 ; 39,55 ; 45,00 ; 10,95 ;;;;;;;;;;;;;;;;
 5,93 ; 39,71 ; 45,26 ; 11,26 ;;;;;;;;;;;;;;;;
 6,01 ; 38,33 ; 44,93 ; 10,85 ;;;;;;;;;;;;;;;;
 6,00 ; 37,37 ; 44,86 ; 10,63 ;;;;;;;;;;;;;;;;
 6,12 ; 37,23 ; 45,84 ; 11,06 ;;;;;;;;;;;;;;;;
 6,03 ; 36,52 ; 46,80 ; 11,25 ;;;;;;;;;;;;;;;;
 6,06 ; 35,80 ; 45,66 ; 11,13 ;;;;;;;;;;;;;;;;
 6,11 ; 36,07 ; 45,65 ; 11,25 ;;;;;;;;;;;;;;;;
 6,19 ; 36,34 ; 45,50 ; 11,37 ;;;;;;;;;;;;;;;;
 6,18 ; 35,95 ; 45,40 ; 11,08 ;;;;;;;;;;;;;;;;
 6,00 ; 35,50 ; 44,38 ; 10,76 ;;;;;;;;;;;;;;;;
 6,00 ; 35,31 ; 45,65 ; 11,40 ;;;;;;;;;;;;;;;;
 6,19 ; 35,78 ; 46,00 ; 11,40 ;;;;;;;;;;;;;;;;
 6,17 ; 35,93 ; 46,30 ; 11,26 ;;;;;;;;;;;;;;;;
 6,16 ; 35,97 ; 46,00 ; 11,23 ;;;;;;;;;;;;;;;;
 6,14 ; 36,41 ; 46,99 ; 11,15 ;;;;;;;;;;;;;;;;
 6,20 ; 36,61 ; 47,50 ; 11,02 ;;;;;;;;;;;;;;;;
 6,22 ; 36,70 ; 46,61 ; 11,22 ;;;;;;;;;;;;;;;;
 6,22 ; 37,19 ; 47,00 ; 11,35 ;;;;;;;;;;;;;;;;
 6,32 ; 37,20 ; 47,47 ; 11,46 ;;;;;;;;;;;;;;;;
 6,33 ; 37,01 ; 47,23 ; 11,65 ;;;;;;;;;;;;;;;;
 6,51 ; 37,00 ; 47,49 ; 11,90 ;;;;;;;;;;;;;;;;
 6,41 ; 37,03 ; 46,69 ; 11,96 ;;;;;;;;;;;;;;;;
 6,50 ; 37,29 ; 47,50 ; 12,27 ;;;;;;;;;;;;;;;;
 6,68 ; 37,85 ; 47,33 ; 12,33 ;;;;;;;;;;;;;;;;
 6,53 ; 37,66 ; 47,39 ; 11,97 ;;;;;;;;;;;;;;;;
 6,57 ; 36,55 ; 47,73 ; 12,13 ;;;;;;;;;;;;;;;;
 6,55 ; 37,10 ; 47,85 ; 12,16 ;;;;;;;;;;;;;;;;
 6,47 ; 37,23 ; 48,85 ; 12,15 ;;;;;;;;;;;;;;;;
 6,67 ; 38,51 ; 49,00 ; 12,19 ;;;;;;;;;;;;;;;;
 6,88 ; 38,64 ; 49,89 ; 12,27 ;;;;;;;;;;;;;;;;
 6,97 ; 38,10 ; 49,33 ; 12,18 ;;;;;;;;;;;;;;;;
 7,03 ; 38,24 ; 49,04 ; 11,93 ;;;;;;;;;;;;;;;;
 6,82 ; 38,71 ; 48,24 ; 12,33 ;;;;;;;;;;;;;;;;
 6,33 ; 38,55 ; 48,80 ; 12,22 ;;;;;;;;;;;;;;;;
 6,34 ; 38,61 ; 48,33 ; 12,23 ;;;;;;;;;;;;;;;;
 6,49 ; 39,20 ; 49,40 ; 12,20 ;;;;;;;;;;;;;;;;
 6,49 ; 39,53 ; 49,90 ; 12,57 ;;;;;;;;;;;;;;;;
 6,47 ; 40,11 ; 49,06 ; 13,02 ;;;;;;;;;;;;;;;;
 6,50 ; 40,65 ; 50,28 ; 12,95 ;;;;;;;;;;;;;;;;
 6,60 ; 40,79 ; 51,80 ; 13,56 ;;;;;;;;;;;;;;;;
 6,55 ; 40,15 ; 52,94 ; 13,50 ;;;;;;;;;;;;;;;;
 6,50 ; 40,02 ; 52,99 ; 13,42 ;;;;;;;;;;;;;;;;
 6,55 ; 40,86 ; 53,99 ; 13,37 ;;;;;;;;;;;;;;;;
 6,56 ; 41,17 ; 53,00 ; 13,59 ;;;;;;;;;;;;;;;;
 6,52 ; 41,13 ; 53,00 ; 14,00 ;;;;;;;;;;;;;;;;
 6,52 ; 40,68 ; 54,88 ; 13,98 ;;;;;;;;;;;;;;;;
 6,64 ; 42,42 ; 53,50 ; 13,92 ;;;;;;;;;;;;;;;;
 6,76 ; 42,51 ; 53,78 ; 14,15 ;;;;;;;;;;;;;;;;
 6,82 ; 42,38 ; 54,30 ; 14,04 ;;;;;;;;;;;;;;;;
 6,67 ; 41,22 ; 53,60 ; 13,45 ;;;;;;;;;;;;;;;;
 6,84 ; 42,66 ; 53,94 ; 14,25 ;;;;;;;;;;;;;;;;
 6,71 ; 42,53 ; 54,54 ; 14,32 ;;;;;;;;;;;;;;;;
 6,66 ; 41,40 ; 52,79 ; 14,13 ;;;;;;;;;;;;;;;;
 6,64 ; 40,87 ; 52,37 ; 13,95 ;;;;;;;;;;;;;;;;
 6,70 ; 40,23 ; 53,06 ; 14,13 ;;;;;;;;;;;;;;;;
 6,67 ; 40,63 ; 52,76 ; 14,42 ;;;;;;;;;;;;;;;;
 6,97 ; 40,28 ; 52,42 ; 14,33 ;;;;;;;;;;;;;;;;
 6,85 ; 39,26 ; 52,58 ; 13,96 ;;;;;;;;;;;;;;;;
 6,77 ; 38,37 ; 51,90 ; 13,56 ;;;;;;;;;;;;;;;;
 6,68 ; 37,32 ; 51,98 ; 13,10 ;;;;;;;;;;;;;;;;
 6,88 ; 37,61 ; 52,90 ; 13,57 ;;;;;;;;;;;;;;;;
 7,00 ; 38,05 ; 53,00 ; 13,99 ;;;;;;;;;;;;;;;;
 7,22 ; 37,90 ; 54,16 ; 14,26 ;;;;;;;;;;;;;;;;
 7,23 ; 38,38 ; 52,86 ; 14,08 ;;;;;;;;;;;;;;;;
 7,24 ; 38,63 ; 53,02 ; 14,71 ;;;;;;;;;;;;;;;;
 7,20 ; 40,65 ; 51,58 ; 14,56 ;;;;;;;;;;;;;;;;
 7,34 ; 41,14 ; 51,87 ; 14,47 ;;;;;;;;;;;;;;;;
 7,27 ; 40,37 ; 51,16 ; 14,14 ;;;;;;;;;;;;;;;;
 7,33 ; 39,73 ; 52,59 ; 14,11 ;;;;;;;;;;;;;;;;
 6,97 ; 36,99 ; 50,50 ; 13,22 ;;;;;;;;;;;;;;;;
 6,74 ; 35,60 ; 48,06 ; 12,56 ;;;;;;;;;;;;;;;;
 6,60 ; 35,85 ; 48,60 ; 12,63 ;;;;;;;;;;;;;;;;
 6,98 ; 35,91 ; 51,40 ; 13,14 ;;;;;;;;;;;;;;;;
 7,02 ; 35,72 ; 51,90 ; 13,21 ;;;;;;;;;;;;;;;;
 7,35 ; 36,45 ; 53,67 ; 13,11 ;;;;;;;;;;;;;;;;
 7,16 ; 36,05 ; 52,19 ; 11,95 ;;;;;;;;;;;;;;;;
 6,73 ; 34,40 ; 51,14 ; 11,33 ;;;;;;;;;;;;;;;;
 6,25 ; 29,83 ; 47,64 ; 10,09 ;;;;;;;;;;;;;;;;
 6,61 ; 32,39 ; 53,51 ; 11,75 ;;;;;;;;;;;;;;;;
 6,30 ; 30,84 ; 52,50 ; 10,77 ;;;;;;;;;;;;;;;;
 5,59 ; 24,88 ; 48,90 ; 8,50 ;;;;;;;;;;;;;;;;
 6,03 ; 28,92 ; 52,01 ; 10,50 ;;;;;;;;;;;;;;;;
 5,46 ; 24,59 ; 48,73 ; 8,52 ;;;;;;;;;;;;;;;;
 5,60 ; 25,46 ; 53,68 ; 8,89 ;;;;;;;;;;;;;;;;
 4,83 ; 21,36 ; 52,99 ; 7,20 ;;;;;;;;;;;;;;;;
 5,08 ; 19,41 ; 56,74 ; 7,64 ;;;;;;;;;;;;;;;;
 4,76 ; 18,91 ; 50,52 ; 7,66 ;;;;;;;;;;;;;;;;
 3,98 ; 18,48 ; 46,58 ; 7,55 ;;;;;;;;;;;;;;;;
 4,03 ; 20,49 ; 46,61 ; 9,17 ;;;;;;;;;;;;;;;;
 4,27 ; 23,95 ; 47,09 ; 10,00 ;;;;;;;;;;;;;;;;
 4,93 ; 25,31 ; 48,97 ; 10,28 ;;;;;;;;;;;;;;;;
 4,77 ; 24,81 ; 48,08 ; 9,75 ;;;;;;;;;;;;;;;;
 4,94 ; 26,44 ; 49,00 ; 10,40 ;;;;;;;;;;;;;;;;
 4,81 ; 26,03 ; 50,60 ; 9,75 ;;;;;;;;;;;;;;;;
 4,65 ; 24,94 ; 50,10 ; 9,37 ;;;;;;;;;;;;;;;;
 4,46 ; 25,24 ; 50,60 ; 8,97 ;;;;;;;;;;;;;;;;
 4,15 ; 24,95 ; 49,91 ; 8,89 ;;;;;;;;;;;;;;;;
 4,41 ; 24,85 ; 52,14 ; 9,55 ;;;;;;;;;;;;;;;;
 4,69 ; 25,62 ; 51,80 ; 10,02 ;;;;;;;;;;;;;;;;
 4,88 ; 26,95 ; 51,90 ; 10,49 ;;;;;;;;;;;;;;;;
 4,90 ; 28,34 ; 50,86 ; 10,41 ;;;;;;;;;;;;;;;;
 4,94 ; 29,19 ; 51,99 ; 10,48 ;;;;;;;;;;;;;;;;
 5,07 ; 30,19 ; 51,16 ; 10,73 ;;;;;;;;;;;;;;;;
 4,95 ; 29,96 ; 51,20 ; 10,96 ;;;;;;;;;;;;;;;;
 4,86 ; 29,08 ; 49,40 ; 11,39 ;;;;;;;;;;;;;;;;
 4,82 ; 29,34 ; 48,29 ; 11,15 ;;;;;;;;;;;;;;;;
 4,79 ; 29,21 ; 48,21 ; 12,12 ;;;;;;;;;;;;;;;;
 5,07 ; 29,97 ; 49,20 ; 12,64 ;;;;;;;;;;;;;;;;
 4,97 ; 28,71 ; 49,28 ; 12,37 ;;;;;;;;;;;;;;;;
 4,62 ; 24,93 ; 46,39 ; 11,85 ;;;;;;;;;;;;;;;;
 4,87 ; 25,79 ; 47,49 ; 12,38 ;;;;;;;;;;;;;;;;
 4,94 ; 27,32 ; 47,00 ; 12,95 ;;;;;;;;;;;;;;;;
 5,25 ; 27,74 ; 46,73 ; 12,66 ;;;;;;;;;;;;;;;;
 4,98 ; 27,84 ; 46,40 ; 12,43 ;;;;;;;;;;;;;;;;
 4,95 ; 26,30 ; 48,86 ; 12,86 ;;;;;;;;;;;;;;;;
 4,92 ; 26,20 ; 49,80 ; 12,55 ;;;;;;;;;;;;;;;;
 4,93 ; 25,86 ; 49,60 ; 13,79 ;;;;;;;;;;;;;;;;
 4,76 ; 24,33 ; 43,47 ; 14,20 ;;;;;;;;;;;;;;;;
 4,82 ; 25,40 ; 48,44 ; 13,89 ;;;;;;;;;;;;;;;;
 4,68 ; 24,70 ; 47,28 ; 13,74 ;;;;;;;;;;;;;;;;
 4,46 ; 23,25 ; 46,63 ; 13,70 ;;;;;;;;;;;;;;;;
 4,40 ; 23,35 ; 47,20 ; 13,78 ;;;;;;;;;;;;;;;;
 4,37 ; 25,17 ; 47,48 ; 13,88 ;;;;;;;;;;;;;;;;
 4,56 ; 25,22 ; 46,10 ; 13,78 ;;;;;;;;;;;;;;;;
 4,68 ; 26,57 ; 47,67 ; 13,94 ;;;;;;;;;;;;;;;;
 4,67 ; 25,92 ; 46,50 ; 14,65 ;;;;;;;;;;;;;;;;
 4,73 ; 26,02 ; 47,09 ; 14,23 ;;;;;;;;;;;;;;;;
 4,84 ; 26,46 ; 47,22 ; 14,57 ;;;;;;;;;;;;;;;;
 4,91 ; 27,82 ; 47,40 ; 14,41 ;;;;;;;;;;;;;;;;
 5,15 ; 29,74 ; 48,27 ; 15,10 ;;;;;;;;;;;;;;;;
 5,11 ; 29,89 ; 48,68 ; 16,12 ;;;;;;;;;;;;;;;;
 5,33 ; 30,98 ; 48,57 ; 16,84 ;;;;;;;;;;;;;;;;
 5,37 ; 30,83 ; 48,04 ; 16,31 ;;;;;;;;;;;;;;;;
 5,32 ; 30,70 ; 46,82 ; 16,09 ;;;;;;;;;;;;;;;;
 5,48 ; 30,77 ; 47,66 ; 15,93 ;;;;;;;;;;;;;;;;
 5,73 ; 31,24 ; 48,18 ; 15,45 ;;;;;;;;;;;;;;;;
 5,88 ; 31,36 ; 47,00 ; 15,60 ;;;;;;;;;;;;;;;;
 5,77 ; 31,15 ; 47,39 ; 15,12 ;;;;;;;;;;;;;;;;
 5,70 ; 31,31 ; 47,93 ; 14,86 ;;;;;;;;;;;;;;;;
 6,02 ; 32,77 ; 48,83 ; 15,60 ;;;;;;;;;;;;;;;;
 6,00 ; 33,21 ; 48,80 ; 15,60 ;;;;;;;;;;;;;;;;
 5,90 ; 31,44 ; 49,71 ; 16,15 ;;;;;;;;;;;;;;;;
 5,98 ; 31,43 ; 49,95 ; 15,99 ;;;;;;;;;;;;;;;;
 5,96 ; 30,45 ; 48,40 ; 16,46 ;;;;;;;;;;;;;;;;
 5,92 ; 30,75 ; 49,26 ; 16,50 ;;;;;;;;;;;;;;;;
 6,25 ; 32,80 ; 49,53 ; 16,80 ;;;;;;;;;;;;;;;;
 6,26 ; 32,18 ; 50,49 ; 17,43 ;;;;;;;;;;;;;;;;
 6,50 ; 31,60 ; 50,95 ; 17,85 ;;;;;;;;;;;;;;;;
 6,53 ; 31,87 ; 49,79 ; 17,73 ;;;;;;;;;;;;;;;;
 6,49 ; 31,69 ; 49,24 ; 17,56 ;;;;;;;;;;;;;;;;
 6,39 ; 30,80 ; 48,64 ; 17,45 ;;;;;;;;;;;;;;;;
 6,26 ; 31,95 ; 49,56 ; 17,42 ;;;;;;;;;;;;;;;;
 6,03 ; 31,41 ; 48,66 ; 17,34 ;;;;;;;;;;;;;;;;
 6,23 ; 31,91 ; 48,18 ; 17,60 ;;;;;;;;;;;;;;;;
 6,28 ; 32,24 ; 48,40 ; 17,91 ;;;;;;;;;;;;;;;;
 6,23 ; 33,65 ; 47,90 ; 18,08 ;;;;;;;;;;;;;;;;
 6,14 ; 33,42 ; 48,14 ; 17,53 ;;;;;;;;;;;;;;;;
 6,29 ; 33,95 ; 48,92 ; 18,00 ;;;;;;;;;;;;;;;;
 6,26 ; 33,76 ; 48,77 ; 18,00 ;;;;;;;;;;;;;;;;
 6,14 ; 34,19 ; 48,49 ; 18,68 ;;;;;;;;;;;;;;;;
 6,22 ; 34,60 ; 48,80 ; 19,18 ;;;;;;;;;;;;;;;;
 6,25 ; 37,85 ; 49,88 ; 19,85 ;;;;;;;;;;;;;;;;
 6,21 ; 37,09 ; 48,99 ; 20,05 ;;;;;;;;;;;;;;;;
 6,10 ; 36,23 ; 48,36 ; 20,13 ;;;;;;;;;;;;;;;;
 6,11 ; 36,13 ; 47,90 ; 20,13 ;;;;;;;;;;;;;;;;
 6,44 ; 37,60 ; 48,70 ; 20,38 ;;;;;;;;;;;;;;;;
 6,26 ; 36,49 ; 49,90 ; 20,05 ;;;;;;;;;;;;;;;;
 6,33 ; 40,81 ; 50,54 ; 20,50 ;;;;;;;;;;;;;;;;
 6,28 ; 40,40 ; 53,39 ; 21,75 ;;;;;;;;;;;;;;;;
 6,08 ; 39,33 ; 52,70 ; 21,08 ;;;;;;;;;;;;;;;;
 6,20 ; 39,69 ; 51,57 ; 21,16 ;;;;;;;;;;;;;;;;
 6,06 ; 39,24 ; 49,77 ; 20,10 ;;;;;;;;;;;;;;;;
 6,05 ; 39,05 ; 49,40 ; 19,92 ;;;;;;;;;;;;;;;;
 5,99 ; 39,78 ; 50,80 ; 19,84 ;;;;;;;;;;;;;;;;
 5,91 ; 39,66 ; 51,00 ; 20,10 ;;;;;;;;;;;;;;;;
 5,95 ; 40,58 ; 50,50 ; 20,05 ;;;;;;;;;;;;;;;;
 6,08 ; 39,19 ; 51,30 ; 20,82 ;;;;;;;;;;;;;;;;
 6,06 ; 38,45 ; 52,56 ; 20,18 ;;;;;;;;;;;;;;;;
 6,05 ; 38,50 ; 51,40 ; 20,64 ;;;;;;;;;;;;;;;;
 5,88 ; 38,29 ; 50,63 ; 20,63 ;;;;;;;;;;;;;;;;
 5,84 ; 38,22 ; 50,05 ; 20,75 ;;;;;;;;;;;;;;;;
 5,93 ; 39,45 ; 51,32 ; 21,48 ;;;;;;;;;;;;;;;;
 6,00 ; 39,28 ; 50,70 ; 21,41 ;;;;;;;;;;;;;;;;
 5,89 ; 38,98 ; 51,91 ; 20,48 ;;;;;;;;;;;;;;;;
 5,89 ; 38,44 ; 50,99 ; 20,25 ;;;;;;;;;;;;;;;;
 5,80 ; 37,15 ; 49,50 ; 20,02 ;;;;;;;;;;;;;;;;
 5,59 ; 35,15 ; 49,48 ; 20,11 ;;;;;;;;;;;;;;;;
 5,64 ; 35,64 ; 50,25 ; 20,44 ;;;;;;;;;;;;;;;;
 5,46 ; 33,80 ; 49,19 ; 20,41 ;;;;;;;;;;;;;;;;
 5,53 ; 34,37 ; 50,00 ; 22,38 ;;;;;;;;;;;;;;;;
 5,38 ; 33,16 ; 49,57 ; 22,43 ;;;;;;;;;;;;;;;;
 5,35 ; 32,90 ; 49,79 ; 21,84 ;;;;;;;;;;;;;;;;
 5,40 ; 34,53 ; 49,42 ; 21,84 ;;;;;;;;;;;;;;;;
 5,36 ; 37,30 ; 50,00 ; 21,77 ;;;;;;;;;;;;;;;;
 5,68 ; 38,46 ; 50,00 ; 22,00 ;;;;;;;;;;;;;;;;
 5,59 ; 36,92 ; 49,30 ; 22,54 ;;;;;;;;;;;;;;;;
 5,27 ; 36,53 ; 49,28 ; 23,00 ;;;;;;;;;;;;;;;;
 5,43 ; 37,56 ; 49,69 ; 23,65 ;;;;;;;;;;;;;;;;
 5,29 ; 35,89 ; 48,50 ; 23,31 ;;;;;;;;;;;;;;;;
 5,33 ; 36,89 ; 49,18 ; 23,83 ;;;;;;;;;;;;;;;;
 5,45 ; 37,86 ; 48,60 ; 23,38 ;;;;;;;;;;;;;;;;
 5,44 ; 37,49 ; 48,85 ; 22,13 ;;;;;;;;;;;;;;;;
 5,45 ; 37,14 ; 48,98 ; 22,19 ;;;;;;;;;;;;;;;;
 5,61 ; 37,05 ; 49,20 ; 21,92 ;;;;;;;;;;;;;;;;
 5,67 ; 36,82 ; 50,50 ; 22,80 ;;;;;;;;;;;;;;;;
 5,48 ; 35,97 ; 48,40 ; 22,06 ;;;;;;;;;;;;;;;;
 5,36 ; 35,59 ; 47,99 ; 21,89 ;;;;;;;;;;;;;;;;
 5,41 ; 35,42 ; 48,00 ; 22,58 ;;;;;;;;;;;;;;;;
 5,38 ; 34,56 ; 48,00 ; 22,40 ;;;;;;;;;;;;;;;;
 5,37 ; 34,35 ; 47,37 ; 22,29 ;;;;;;;;;;;;;;;;
 5,34 ; 34,43 ; 47,50 ; 21,78 ;;;;;;;;;;;;;;;;
 5,33 ; 33,50 ; 47,09 ; 21,79 ;;;;;;;;;;;;;;;;
 5,35 ; 33,75 ; 46,70 ; 22,18 ;;;;;;;;;;;;;;;;
 5,37 ; 33,81 ; 46,69 ; 22,37 ;;;;;;;;;;;;;;;;
 5,35 ; 32,87 ; 45,90 ; 21,62 ;;;;;;;;;;;;;;;;
 5,34 ; 32,92 ; 45,99 ; 22,33 ;;;;;;;;;;;;;;;;
 5,27 ; 32,75 ; 45,70 ; 22,66 ;;;;;;;;;;;;;;;;
 5,16 ; 31,54 ; 44,60 ; 21,87 ;;;;;;;;;;;;;;;;
 5,15 ; 31,33 ; 44,20 ; 21,87 ;;;;;;;;;;;;;;;;
 5,09 ; 31,19 ; 44,11 ; 22,30 ;;;;;;;;;;;;;;;;
 5,12 ; 31,02 ; 44,00 ; 22,98 ;;;;;;;;;;;;;;;;
 5,06 ; 30,33 ; 43,71 ; 22,01 ;;;;;;;;;;;;;;;;
 5,07 ; 31,55 ; 43,50 ; 22,54 ;;;;;;;;;;;;;;;;
 5,09 ; 31,67 ; 44,13 ; 22,33 ;;;;;;;;;;;;;;;;
 5,15 ; 31,40 ; 43,55 ; 22,24 ;;;;;;;;;;;;;;;;
 5,14 ; 31,16 ; 44,71 ; 22,97 ;;;;;;;;;;;;;;;;
 5,16 ; 30,79 ; 44,35 ; 24,54 ;;;;;;;;;;;;;;;;
 5,33 ; 31,50 ; 44,48 ; 26,00 ;;;;;;;;;;;;;;;;
 5,36 ; 31,66 ; 44,30 ; 25,59 ;;;;;;;;;;;;;;;;
 5,26 ; 32,08 ; 44,40 ; 25,51 ;;;;;;;;;;;;;;;;
 5,21 ; 32,31 ; 43,51 ; 25,80 ;;;;;;;;;;;;;;;;
 5,14 ; 32,16 ; 43,16 ; 25,69 ;;;;;;;;;;;;;;;;
 5,13 ; 32,59 ; 43,20 ; 26,04 ;;;;;;;;;;;;;;;;
 5,12 ; 33,00 ; 43,13 ; 26,22 ;;;;;;;;;;;;;;;;
 5,13 ; 33,37 ; 43,80 ; 26,10 ;;;;;;;;;;;;;;;;
 5,13 ; 33,34 ; 44,42 ; 25,92 ;;;;;;;;;;;;;;;;
 5,19 ; 33,75 ; 44,33 ; 25,47 ;;;;;;;;;;;;;;;;
 5,15 ; 33,15 ; 43,48 ; 25,45 ;;;;;;;;;;;;;;;;
 4,93 ; 31,88 ; 42,61 ; 24,63 ;;;;;;;;;;;;;;;;
 4,89 ; 31,89 ; 42,25 ; 25,36 ;;;;;;;;;;;;;;;;
 4,76 ; 30,99 ; 42,67 ; 24,63 ;;;;;;;;;;;;;;;;
 4,78 ; 31,59 ; 42,31 ; 24,99 ;;;;;;;;;;;;;;;;
 4,97 ; 32,57 ; 42,20 ; 26,19 ;;;;;;;;;;;;;;;;
 5,11 ; 33,85 ; 43,29 ; 27,45 ;;;;;;;;;;;;;;;;
 5,19 ; 33,72 ; 42,85 ; 27,33 ;;;;;;;;;;;;;;;;
 5,21 ; 33,90 ; 44,78 ; 26,45 ;;;;;;;;;;;;;;;;
 5,21 ; 34,97 ; 45,44 ; 25,22 ;;;;;;;;;;;;;;;;
 5,14 ; 34,67 ; 44,80 ; 25,58 ;;;;;;;;;;;;;;;;
 4,95 ; 33,25 ; 44,44 ; 25,48 ;;;;;;;;;;;;;;;;
 4,98 ; 33,57 ; 44,64 ; 25,10 ;;;;;;;;;;;;;;;;
 4,98 ; 33,74 ; 45,64 ; 24,85 ;;;;;;;;;;;;;;;;
 5,01 ; 33,76 ; 47,00 ; 24,73 ;;;;;;;;;;;;;;;;
 4,96 ; 32,79 ; 46,52 ; 24,54 ;;;;;;;;;;;;;;;;
 4,96 ; 32,59 ; 46,40 ; 24,64 ;;;;;;;;;;;;;;;;
 4,94 ; 32,10 ; 45,15 ; 24,20 ;;;;;;;;;;;;;;;;
 4,95 ; 32,00 ; 44,23 ; 23,42 ;;;;;;;;;;;;;;;;
 5,00 ; 32,63 ; 44,15 ; 23,70 ;;;;;;;;;;;;;;;;
 4,98 ; 32,67 ; 43,40 ; 24,00 ;;;;;;;;;;;;;;;;
 5,14 ; 33,30 ; 43,96 ; 24,25 ;;;;;;;;;;;;;;;;
 5,13 ; 33,18 ; 44,09 ; 24,19 ;;;;;;;;;;;;;;;;
 4,99 ; 32,00 ; 44,75 ; 23,38 ;;;;;;;;;;;;;;;;
 5,20 ; 32,78 ; 45,47 ; 22,88 ;;;;;;;;;;;;;;;;
 5,39 ; 34,10 ; 44,20 ; 23,05 ;;;;;;;;;;;;;;;;
 5,36 ; 33,89 ; 44,00 ; 23,30 ;;;;;;;;;;;;;;;;
 5,21 ; 34,56 ; 43,80 ; 23,66 ;;;;;;;;;;;;;;;;
 5,18 ; 34,25 ; 43,64 ; 23,80 ;;;;;;;;;;;;;;;;
 5,15 ; 35,96 ; 44,31 ; 24,95 ;;;;;;;;;;;;;;;;
 5,11 ; 36,45 ; 45,30 ; 23,98 ;;;;;;;;;;;;;;;;
 5,12 ; 36,89 ; 45,53 ; 23,40 ;;;;;;;;;;;;;;;;
 5,15 ; 38,45 ; 47,05 ; 22,99 ;;;;;;;;;;;;;;;;
 5,18 ; 37,86 ; 45,89 ; 24,05 ;;;;;;;;;;;;;;;;
 5,18 ; 38,51 ; 45,74 ; 24,61 ;;;;;;;;;;;;;;;;
 5,14 ; 37,42 ; 45,92 ; 24,96 ;;;;;;;;;;;;;;;;
 5,15 ; 36,93 ; 46,19 ; 24,54 ;;;;;;;;;;;;;;;;
 5,22 ; 36,84 ; 45,66 ; 24,52 ;;;;;;;;;;;;;;;;
 5,19 ; 36,00 ; 45,08 ; 25,00 ;;;;;;;;;;;;;;;;
 5,22 ; 35,61 ; 45,39 ; 25,16 ;;;;;;;;;;;;;;;;
 5,37 ; 36,13 ; 45,49 ; 24,97 ;;;;;;;;;;;;;;;;
 5,39 ; 36,73 ; 45,90 ; 25,25 ;;;;;;;;;;;;;;;;
 5,37 ; 36,84 ; 45,20 ; 25,28 ;;;;;;;;;;;;;;;;
 5,10 ; 37,00 ; 46,50 ; 24,95 ;;;;;;;;;;;;;;;;
 4,97 ; 36,20 ; 45,94 ; 25,20 ;;;;;;;;;;;;;;;;
 4,84 ; 35,16 ; 45,55 ; 24,76 ;;;;;;;;;;;;;;;;
 4,72 ; 34,98 ; 45,00 ; 23,44 ;;;;;;;;;;;;;;;;
 4,64 ; 34,30 ; 43,90 ; 23,16 ;;;;;;;;;;;;;;;;
 4,73 ; 35,30 ; 45,05 ; 23,84 ;;;;;;;;;;;;;;;;
 4,65 ; 34,53 ; 44,54 ; 23,49 ;;;;;;;;;;;;;;;;
 4,65 ; 35,07 ; 44,50 ; 24,20 ;;;;;;;;;;;;;;;;
 4,69 ; 34,84 ; 44,60 ; 24,02 ;;;;;;;;;;;;;;;;
 4,70 ; 36,02 ; 44,44 ; 23,73 ;;;;;;;;;;;;;;;;
 4,73 ; 34,58 ; 44,68 ; 23,96 ;;;;;;;;;;;;;;;;
 4,67 ; 34,25 ; 44,12 ; 24,45 ;;;;;;;;;;;;;;;;
 4,64 ; 33,74 ; 43,79 ; 24,08 ;;;;;;;;;;;;;;;;
 4,51 ; 33,49 ; 43,86 ; 25,42 ;;;;;;;;;;;;;;;;
 4,38 ; 31,43 ; 43,82 ; 25,49 ;;;;;;;;;;;;;;;;
 4,30 ; 30,58 ; 44,14 ; 25,99 ;;;;;;;;;;;;;;;;
 4,28 ; 28,50 ; 44,83 ; 25,75 ;;;;;;;;;;;;;;;;
 4,34 ; 28,96 ; 45,59 ; 25,79 ;;;;;;;;;;;;;;;;
 4,38 ; 29,77 ; 45,71 ; 26,19 ;;;;;;;;;;;;;;;;
 4,31 ; 28,74 ; 45,20 ; 25,27 ;;;;;;;;;;;;;;;;
 4,35 ; 31,32 ; 45,93 ; 24,93 ;;;;;;;;;;;;;;;;
 4,42 ; 32,32 ; 46,61 ; 25,30 ;;;;;;;;;;;;;;;;
 4,43 ; 32,88 ; 48,39 ; 25,65 ;;;;;;;;;;;;;;;;
 4,37 ; 30,90 ; 48,39 ; 25,31 ;;;;;;;;;;;;;;;;
 4,41 ; 30,87 ; 47,85 ; 25,85 ;;;;;;;;;;;;;;;;
 4,38 ; 30,39 ; 47,53 ; 26,16 ;;;;;;;;;;;;;;;;
 4,44 ; 30,32 ; 47,52 ; 26,24 ;;;;;;;;;;;;;;;;
 4,35 ; 29,76 ; 47,65 ; 25,30 ;;;;;;;;;;;;;;;;
 4,41 ; 29,97 ; 48,95 ; 25,65 ;;;;;;;;;;;;;;;;
 4,35 ; 30,21 ; 48,40 ; 25,91 ;;;;;;;;;;;;;;;;
 4,32 ; 30,18 ; 47,35 ; 25,50 ;;;;;;;;;;;;;;;;
 4,25 ; 29,70 ; 46,22 ; 25,04 ;;;;;;;;;;;;;;;;
 4,23 ; 29,29 ; 46,44 ; 24,94 ;;;;;;;;;;;;;;;;
 4,18 ; 29,24 ; 45,46 ; 24,25 ;;;;;;;;;;;;;;;;
 4,19 ; 32,40 ; 45,11 ; 24,86 ;;;;;;;;;;;;;;;;
 4,14 ; 34,00 ; 44,39 ; 24,64 ;;;;;;;;;;;;;;;;
 4,07 ; 33,83 ; 44,52 ; 24,06 ;;;;;;;;;;;;;;;;
 3,96 ; 32,77 ; 44,00 ; 24,18 ;;;;;;;;;;;;;;;;
 3,91 ; 32,02 ; 43,31 ; 24,55 ;;;;;;;;;;;;;;;;
 3,98 ; 32,55 ; 43,48 ; 24,27 ;;;;;;;;;;;;;;;;
 4,05 ; 32,86 ; 44,19 ; 25,12 ;;;;;;;;;;;;;;;;
 4,13 ; 32,84 ; 44,01 ; 25,44 ;;;;;;;;;;;;;;;;
 4,06 ; 32,63 ; 44,72 ; 25,13 ;;;;;;;;;;;;;;;;
 3,96 ; 32,02 ; 43,96 ; 23,10 ;;;;;;;;;;;;;;;;
 3,94 ; 31,79 ; 43,76 ; 23,39 ;;;;;;;;;;;;;;;;
 4,07 ; 32,08 ; 43,55 ; 24,90 ;;;;;;;;;;;;;;;;
 4,21 ; 32,00 ; 43,91 ; 24,80 ;;;;;;;;;;;;;;;;
 4,22 ; 32,36 ; 45,01 ; 24,57 ;;;;;;;;;;;;;;;;
 4,24 ; 33,11 ; 45,47 ; 23,72 ;;;;;;;;;;;;;;;;
 4,20 ; 33,63 ; 45,45 ; 24,15 ;;;;;;;;;;;;;;;;
 4,33 ; 34,40 ; 46,48 ; 23,94 ;;;;;;;;;;;;;;;;
 4,36 ; 34,45 ; 46,43 ; 22,28 ;;;;;;;;;;;;;;;;
 4,46 ; 34,02 ; 46,45 ; 22,29 ;;;;;;;;;;;;;;;;
 4,38 ; 33,33 ; 45,83 ; 21,91 ;;;;;;;;;;;;;;;;
 4,39 ; 33,89 ; 45,57 ; 21,51 ;;;;;;;;;;;;;;;;
 4,35 ; 33,15 ; 45,00 ; 20,37 ;;;;;;;;;;;;;;;;
 4,45 ; 34,35 ; 45,20 ; 20,30 ;;;;;;;;;;;;;;;;
 4,37 ; 34,26 ; 45,34 ; 19,98 ;;;;;;;;;;;;;;;;
 4,38 ; 33,95 ; 45,52 ; 19,65 ;;;;;;;;;;;;;;;;
 4,45 ; 34,01 ; 45,50 ; 20,06 ;;;;;;;;;;;;;;;;
 4,42 ; 34,81 ; 44,23 ; 20,24 ;;;;;;;;;;;;;;;;
 4,44 ; 34,15 ; 44,14 ; 20,44 ;;;;;;;;;;;;;;;;
 4,37 ; 34,79 ; 44,46 ; 20,42 ;;;;;;;;;;;;;;;;
 4,36 ; 35,38 ; 44,47 ; 20,60 ;;;;;;;;;;;;;;;;
 4,30 ; 35,97 ; 44,55 ; 20,18 ;;;;;;;;;;;;;;;;
 4,26 ; 36,18 ; 44,69 ; 21,85 ;;;;;;;;;;;;;;;;
 4,26 ; 35,96 ; 44,45 ; 21,67 ;;;;;;;;;;;;;;;;
 4,25 ; 34,94 ; 44,75 ; 21,65 ;;;;;;;;;;;;;;;;
 4,24 ; 35,01 ; 44,45 ; 22,20 ;;;;;;;;;;;;;;;;
 4,18 ; 34,68 ; 44,74 ; 22,12 ;;;;;;;;;;;;;;;;
 4,19 ; 34,55 ; 44,75 ; 22,20 ;;;;;;;;;;;;;;;;
 4,29 ; 36,33 ; 44,14 ; 21,92 ;;;;;;;;;;;;;;;;
 4,25 ; 35,73 ; 43,67 ; 21,65 ;;;;;;;;;;;;;;;;
 4,37 ; 35,66 ; 43,85 ; 21,60 ;;;;;;;;;;;;;;;;
 4,30 ; 35,95 ; 43,57 ; 21,15 ;;;;;;;;;;;;;;;;
 4,34 ; 36,95 ; 43,93 ; 21,73 ;;;;;;;;;;;;;;;;
 4,31 ; 37,44 ; 43,66 ; 21,71 ;;;;;;;;;;;;;;;;
 4,21 ; 36,69 ; 42,95 ; 20,95 ;;;;;;;;;;;;;;;;
 4,23 ; 36,77 ; 42,94 ; 20,65 ;;;;;;;;;;;;;;;;
 4,31 ; 36,56 ; 43,40 ; 20,26 ;;;;;;;;;;;;;;;;
 4,26 ; 36,98 ; 43,20 ; 20,03 ;;;;;;;;;;;;;;;;
